{"scale": 0.05, "center": [-2.182130538385681, 0.831407245419185, 0.0], "upper": [3.133531565192728, 7.190454371939499, 1.0], "lower": [-8.49779264196409, -5.527639881101129, 0.1], "min": [-8.49779264196409, -5.527639881101129, 0.1], "max": [3.1335315651927282, 7.190454371939499, 1.0]}