{"scale": 0.05, "center": [-0.5826698563386228, -1.8594200814618986, 0.0], "upper": [5.884780277381651, 4.631080109903351, 1.0], "lower": [-8.050119990058896, -8.349920272827148, 0.1], "min": [-8.050119990058896, -8.349920272827148, 0.1], "max": [5.88478027738165, 4.631080109903351, 1.0]}