{"scale": 0.05, "center": [-0.11636935053142983, 1.0225760475772265, 0.0], "upper": [1.1812431727143693, 6.129570190794766, 1.0], "lower": [-4.232297768941512, -4.084418095640313, 0.1], "min": [-4.232297768941512, -4.084418095640313, 0.1], "max": [1.1812431727143695, 6.129570190794766, 1.0]}