{"scale": 0.05, "center": [-0.28279995918273926, -0.011780023574829102, 0.0], "upper": [5.113699913024902, 5.447299957275391, 1.0], "lower": [-6.679299831390381, -5.470860004425049, 0.1], "min": [-6.679299831390381, -5.470860004425049, 0.1], "max": [5.113699913024902, 5.447299957275391, 1.0]}