{"scale": 0.05, "center": [0.7999999523162842, 0.5748665294253383, 0.0], "upper": [6.099999904632568, 6.807950019836426, 1.0], "lower": [-5.5, -5.658216960985749, 0.1], "min": [-5.5, -5.658216960985749, 0.1], "max": [6.099999904632568, 6.807950019836426, 1.0]}