{"scale": 0.05, "center": [3.3292099833488464, -1.0008649815126045, 0.0], "upper": [7.189209938049316, 1.4068900346755981, 1.0], "lower": [-1.5307899713516235, -3.408619997700807, 0.1], "min": [-1.5307899713516235, -3.408619997700807, 0.1], "max": [7.189209938049316, 1.4068900346755981, 1.0]}