{"scale": 0.05, "center": [0.4980001445230062, 0.0014997892505399513, 0.0], "upper": [8.131000088478977, 4.542999540354106, 1.0], "lower": [-8.134999799432965, -4.539999961853027, 0.1], "min": [-8.134999799432965, -4.539999961853027, 0.1], "max": [8.131000088478977, 4.542999540354107, 1.0]}