{"scale": 0.05, "center": [0.6558815751068687, -1.6646714779959102, 0.0], "upper": [6.794332737564202, 4.776042583094423, 1.0], "lower": [-6.701339527790056, -4.727999934669594, 0.1], "min": [-6.701339527790056, -4.727999934669594, 0.1], "max": [6.7943327375642015, 4.776042583094424, 1.0]}