{"scale": 0.05, "center": [0.5, -0.012303913007337464, 0.0], "upper": [5.079999923706055, 5.453420162200928, 1.0], "lower": [-5.079999923706055, -5.478027988215603, 0.1], "min": [-5.079999923706055, -5.478027988215603, 0.1], "max": [5.079999923706055, 5.453420162200928, 1.0]}