{"scale": 0.05, "center": [0.5033576552226635, 2.791033737460218, 0.0], "upper": [6.254960060119629, 8.190237507421656, 1.0], "lower": [-6.248244749674303, -2.6081700325012207, 0.1], "min": [-6.248244749674302, -2.6081700325012207, 0.1], "max": [6.254960060119629, 8.190237507421656, 1.0]}