{"scale": 0.05, "center": [1.3165700435638428, -0.48566484451293945, 0.0], "upper": [5.867569923400879, 7.596839904785156, 1.0], "lower": [-4.234429836273193, -8.568169593811035, 0.1], "min": [-4.234429836273193, -8.568169593811035, 0.1], "max": [5.867569923400879, 7.596839904785156, 1.0]}