{"scale": 0.05, "center": [0.5000360711335206, 0.0008999212295746073, 0.0], "upper": [7.262736115140829, 3.671799918753095, 1.0], "lower": [-7.2626639728737885, -3.6700000762939453, 0.1], "min": [-7.262663972873788, -3.6700000762939453, 0.1], "max": [7.262736115140829, 3.6717999187530945, 1.0]}