{"scale": 0.05, "center": [0.23242998123168945, -0.04671361347702119, 0.0], "upper": [6.497429847717285, 5.277797489447332, 1.0], "lower": [-7.032569885253906, -5.3712247164013736, 0.1], "min": [-7.032569885253906, -5.3712247164013736, 0.1], "max": [6.497429847717285, 5.277797489447331, 1.0]}