{"scale": 0.05, "center": [0.7184200286865234, 0.44245004653930664, 0.0], "upper": [4.658420085906982, 2.93245005607605, 1.0], "lower": [-4.2215800285339355, -2.0475499629974365, 0.1], "min": [-4.2215800285339355, -2.0475499629974365, 0.1], "max": [4.658420085906982, 2.93245005607605, 1.0]}