{"scale": 0.1, "center": [2.5056899785995483, -9.952935457229614, 0.0], "upper": [8.895689964294434, 6.087069988250732, 1.0], "lower": [-3.884310007095337, -17.99294090270996, 0.1], "min": [-3.884310007095337, -17.99294090270996, 0.1], "max": [8.895689964294434, 6.087069988250732, 1.0]}