{"scale": 0.05, "center": [1.475224704227836, -0.24887288997095425, 0.0], "upper": [6.255716734009144, 7.39339288284383, 1.0], "lower": [-6.2266063008350025, -10.496332003880763, 0.1], "min": [-6.2266063008350025, -10.496332003880765, 0.1], "max": [6.255716734009144, 7.3933928828438304, 1.0]}