{"scale": 0.05, "center": [0.4892041056724028, -0.8570000429754141, 0.0], "upper": [4.580408447856037, 5.494999885559082, 1.0], "lower": [-4.6020002365112305, -7.208999971509911, 0.1], "min": [-4.6020002365112305, -7.20899997150991, 0.1], "max": [4.580408447856036, 5.494999885559082, 1.0]}