{"scale": 0.05, "center": [0.0004634822651490289, 0.49220991134643555, 0.0], "upper": [5.761927120932886, 6.914222387729321, 1.0], "lower": [-5.672500189980531, -5.425302547520694, 0.1], "min": [-5.672500189980531, -5.425302547520694, 0.1], "max": [5.761927120932886, 6.91422238772932, 1.0]}