{"scale": 0.05, "center": [0.4792599678039551, -2.794499683222967, 0.0], "upper": [7.316000104881822, 9.476000213937366, 1.0], "lower": [-12.89165194660476, -14.82586483233248, 0.1], "min": [-12.891651946604762, -14.82586483233248, 0.1], "max": [7.316000104881823, 9.476000213937366, 1.0]}