{"scale": 0.05, "center": [0.276014409240656, 1.2346500835658576, 0.0], "upper": [3.9524497079242704, 4.722150030822377, 1.0], "lower": [-5.400420889442959, -4.2528498636906615, 0.1], "min": [-5.400420889442958, -4.2528498636906615, 0.1], "max": [3.95244970792427, 4.722150030822377, 1.0]}