{"scale": 0.05, "center": [2.906559705734253, -1.2574500885899556, 0.0], "upper": [9.346559524536133, 2.3767999527062855, 1.0], "lower": [-4.533440113067627, -4.891700129886196, 0.1], "min": [-4.533440113067627, -4.891700129886196, 0.1], "max": [9.346559524536133, 2.376799952706285, 1.0]}