{"scale": 0.05, "center": [1.1645403399306815, -0.21597011254739718, 0.0], "upper": [7.145080664602574, 6.752009963298569, 1.0], "lower": [-5.815999984741211, -7.183950188393364, 0.1], "min": [-5.815999984741211, -7.183950188393364, 0.1], "max": [7.145080664602574, 6.75200996329857, 1.0]}