{"scale": 0.05, "center": [-0.0002598762512207031, 0.0003050565719604492, 0.0], "upper": [7.182926222485726, 3.7154670412201014, 1.0], "lower": [-7.2743101453678864, -3.9027442848951814, 0.1], "min": [-7.2743101453678864, -3.9027442848951814, 0.1], "max": [7.182926222485726, 3.715467041220101, 1.0]}