{"scale": 0.05, "center": [0.5350755614253573, 1.8769900798797607, 0.0], "upper": [4.239081176561651, 5.2669901847839355, 1.0], "lower": [-4.1689300537109375, -1.513010025024414, 0.1], "min": [-4.1689300537109375, -1.513010025024414, 0.1], "max": [4.239081176561652, 5.2669901847839355, 1.0]}