{"scale": 0.05, "center": [1.5274748802185059, -1.2627062766762363, 0.0], "upper": [6.51747989654541, 4.357917314964178, 1.0], "lower": [-4.462530136108398, -6.88332986831665, 0.1], "min": [-4.462530136108398, -6.88332986831665, 0.1], "max": [6.51747989654541, 4.357917314964178, 1.0]}