{"scale": 0.05, "center": [4.546165579059668, -6.8583106522459945, 0.0], "upper": [11.82571029663086, 1.142798518200883, 1.0], "lower": [-3.7333791385115234, -14.859419822692871, 0.1], "min": [-3.7333791385115234, -14.859419822692871, 0.1], "max": [11.82571029663086, 1.1427985182008826, 1.0]}