{"scale": 0.05, "center": [2.7453236149704168, 0.5156519739152041, 0.0], "upper": [9.872647199423255, 5.281303947830409, 1.0], "lower": [-5.381999969482422, -4.25, 0.1], "min": [-5.381999969482422, -4.25, 0.1], "max": [9.872647199423255, 5.281303947830408, 1.0]}