{"scale": 0.05, "center": [-1.6304127253442617, 0.6584850335379393, 0.0], "upper": [14.814104740351517, 11.77900047784248, 1.0], "lower": [-19.07493019104004, -10.462030410766602, 0.1], "min": [-19.07493019104004, -10.462030410766602, 0.1], "max": [14.814104740351516, 11.77900047784248, 1.0]}