{"scale": 0.05, "center": [4.733552603483526, -3.8373039711179615, 0.0], "upper": [6.536999855103584, 1.1427985182008822, 1.0], "lower": [-0.11999999731779099, -11.4399995803833, 0.1], "min": [-0.11999999731779099, -11.4399995803833, 0.1], "max": [6.536999855103584, 1.1427985182008826, 1.0]}