{"scale": 0.05, "center": [5.119100885498657, 0.1382117281948143, 0.0], "upper": [10.595873050101886, 5.537633499733886, 1.0], "lower": [-1.3576712791045722, -5.261210043344256, 0.1], "min": [-1.3576712791045722, -5.261210043344256, 0.1], "max": [10.595873050101886, 5.537633499733885, 1.0]}