{"scale": 0.05, "center": [-2.325459583380551, 0.6419999599456787, 0.0], "upper": [4.239081176561651, 7.0920000076293945, 1.0], "lower": [-9.890000343322754, -5.808000087738037, 0.1], "min": [-9.890000343322754, -5.808000087738037, 0.1], "max": [4.239081176561652, 7.0920000076293945, 1.0]}