{"scale": 0.05, "center": [-3.08811007441537, 0.8928352270029434, 0.0], "upper": [6.237510824702791, 5.383523179665307, 1.0], "lower": [-6.861819198181096, -5.379400571743794, 0.1], "min": [-6.861819198181096, -5.379400571743794, 0.1], "max": [6.237510824702791, 5.383523179665306, 1.0]}