{"scale": 0.05, "center": [2.345116051222833, 2.9073087680436345, 0.0], "upper": [10.376983303902737, 7.721885491521023, 1.0], "lower": [-11.693999857587091, -10.504013929250329, 0.4], "min": [-11.693999857587091, -10.504013929250329, 0.4], "max": [10.376983303902735, 7.721885491521023, 1.0]}