{"scale": 0.05, "center": [0.1625950730654644, 0.5367698669433594, 0.0], "upper": [8.158179838818917, 6.848909854888916, 1.0], "lower": [-8.832989692687988, -5.775370121002197, 0.1], "min": [-8.832989692687988, -5.775370121002197, 0.1], "max": [8.158179838818917, 6.848909854888916, 1.0]}