{"scale": 0.05, "center": [0.1512799974954966, -0.5375199317932129, 0.0], "upper": [5.103670120239258, 4.790760040283203, 1.0], "lower": [-5.801110125248265, -5.865799903869629, 0.1], "min": [-5.801110125248265, -5.865799903869629, 0.1], "max": [5.103670120239258, 4.790760040283203, 1.0]}