{"scale": 0.05, "center": [26.27010880289349, 0.19319486618041992, 0.0], "upper": [47.626808166503906, 11.523880004882812, 1.0], "lower": [3.913409439283072, -11.137490272521973, 0.1], "min": [3.9134094392830754, -11.137490272521973, 0.1], "max": [47.626808166503906, 11.523880004882812, 1.0]}