{"scale": 0.05, "center": [-4.15922938165936, -0.8037149906158447, 0.0], "upper": [4.239081176561651, 4.890900135040283, 1.0], "lower": [-13.557539939880371, -6.498330116271973, 0.1], "min": [-13.557539939880371, -6.498330116271973, 0.1], "max": [4.239081176561652, 4.890900135040283, 1.0]}