{"scale": 0.05, "center": [0.19410748052243942, 0.7348678883779927, 0.0], "upper": [6.6234361074892405, 8.765319994474744, 1.0], "lower": [-7.739179968368262, -3.620449909638788, 0.1], "min": [-7.739179968368262, -3.6204499096387885, 0.1], "max": [6.62343610748924, 8.765319994474744, 1.0]}