{"scale": 0.05, "center": [0.7952605647059969, -0.5272280144053312, 0.0], "upper": [4.239081176561652, 3.375080108642578, 1.0], "lower": [-3.648560047149658, -4.4295361374532405, 0.1], "min": [-3.648560047149658, -4.4295361374532405, 0.1], "max": [4.239081176561652, 3.375080108642578, 1.0]}