{"scale": 0.05, "center": [0.5, -0.0016498596433063284, 0.0], "upper": [7.144999980926514, 5.184999942779541, 1.0], "lower": [-7.144999980926514, -5.188299662066154, 0.1], "min": [-7.144999980926514, -5.188299662066154, 0.1], "max": [7.144999980926514, 5.184999942779541, 1.0]}