{"scale": 0.05, "center": [5.824710466773297, -1.508115291595459, 0.0], "upper": [17.9839608238359, 5.661769866943359, 1.0], "lower": [-7.334539890289307, -8.678000450134277, 0.1], "min": [-7.334539890289307, -8.678000450134277, 0.1], "max": [17.9839608238359, 5.661769866943359, 1.0]}