{"scale": 0.05, "center": [3.8768252196053705, -6.982700777520653, 0.0], "upper": [11.346559524536133, 1.142798518200883, 1.0], "lower": [-4.592909085325392, -15.108200073242188, 0.1], "min": [-4.592909085325392, -15.108200073242188, 0.1], "max": [11.346559524536133, 1.1427985182008826, 1.0]}