{"scale": 0.05, "center": [0.35447391087997104, 0.8361151218414307, 0.0], "upper": [4.239081176561652, 7.600930213928223, 1.0], "lower": [-4.53013335480171, -5.928699970245361, 0.1], "min": [-4.53013335480171, -5.928699970245361, 0.1], "max": [4.239081176561652, 7.600930213928223, 1.0]}