{"scale": 0.05, "center": [0.4993463040645687, -8.475921298156663e-08, 0.0], "upper": [6.619999885559082, 5.371600132319145, 1.0], "lower": [-6.6213072774299455, -5.371600301837571, 0.1], "min": [-6.621307277429945, -5.371600301837571, 0.1], "max": [6.619999885559082, 5.371600132319145, 1.0]}