{"scale": 0.05, "center": [2.8639885362381845, -1.54165774609835, 0.0], "upper": [12.752945690373608, 6.093440690255298, 1.0], "lower": [-6.553841480445399, -11.25226263160301, 0.1], "min": [-6.553841480445398, -11.252262631603012, 0.1], "max": [12.752945690373608, 6.093440690255299, 1.0]}