{"scale": 0.05, "center": [0.016734298650823654, 0.06551178723123607, 0.0], "upper": [5.765775375815362, 5.494864027290683, 1.0], "lower": [-5.732306778513714, -5.363840452828212, 0.1], "min": [-5.732306778513714, -5.363840452828211, 0.1], "max": [5.765775375815362, 5.494864027290683, 1.0]}