{"scale": 0.05, "center": [0.11883361452307417, 0.0005250143953690056, 0.0], "upper": [5.73266711460523, 4.361050162305142, 1.0], "lower": [-5.254000128363258, -4.121553274693616, 0.1], "min": [-5.254000128363258, -4.121553274693616, 0.1], "max": [5.73266711460523, 4.361050162305142, 1.0]}