{"scale": 0.05, "center": [3.5725001096725464, -0.48449395100694126, 0.0], "upper": [9.373000144958496, 4.951523019448021, 1.0], "lower": [-3.2279999256134033, -5.920510921461903, 0.1], "min": [-3.2279999256134033, -5.920510921461903, 0.1], "max": [9.373000144958496, 4.951523019448021, 1.0]}