{"scale": 0.05, "center": [-1.4924594002750822, 0.08500003814697266, 0.0], "upper": [4.239081176561651, 5.464000225067139, 1.0], "lower": [-8.223999977111816, -5.294000148773193, 0.1], "min": [-8.223999977111816, -5.294000148773193, 0.1], "max": [4.239081176561652, 5.464000225067139, 1.0]}