{"scale": 0.05, "center": [5.201154845938451, 3.09128634035335, 0.0], "upper": [7.454341677410637, 8.961999576468566, 1.0], "lower": [0.0030000042398867777, -0.285259998703852, 0.1], "min": [0.0030000042398867777, -0.2852599987038529, 0.1], "max": [7.454341677410637, 8.961999576468566, 1.0]}