{"scale": 0.05, "center": [-20.25017372120118, 0.5330762884857116, 0.0], "upper": [-15.355208710666286, 5.710870821919855, 1.0], "lower": [-26.145138731736072, -4.644718244948432, 0.1], "min": [-26.145138731736072, -4.644718244948432, 0.1], "max": [-15.355208710666286, 5.710870821919856, 1.0]}