{"scale": 0.05, "center": [0.5092950089784583, 0.3874201298401214, 0.0], "upper": [5.763589903515999, 6.190420055517645, 1.0], "lower": [-5.744999885559082, -5.415579795837402, 0.1], "min": [-5.744999885559082, -5.415579795837402, 0.1], "max": [5.7635899035159985, 6.190420055517645, 1.0]}