{"scale": 0.05, "center": [-0.004250049591064453, 0.07290005683898926, 0.0], "upper": [7.364754419471553, 4.723762256343775, 1.0], "lower": [-7.390377243513606, -4.602770214460577, 0.4], "min": [-7.390377243513606, -4.602770214460577, 0.4], "max": [7.364754419471553, 4.723762256343775, 1.0]}