{"scale": 0.05, "center": [2.3534200159434846, -0.1544199086201843, 0.0], "upper": [8.020839923168097, 5.8600001142476685, 1.0], "lower": [-3.1956421545835063, -5.924160205944954, 0.1], "min": [-3.195642154583506, -5.924160205944954, 0.1], "max": [8.020839923168097, 5.8600001142476685, 1.0]}