{"scale": 0.05, "center": [3.0749001502990723, -4.440890172747224, 0.0], "upper": [10.764900207519531, 2.5751099586486816, 1.0], "lower": [-5.615099906921387, -11.45689030414313, 0.1], "min": [-5.615099906921387, -11.45689030414313, 0.1], "max": [10.764900207519531, 2.5751099586486816, 1.0]}