{"scale": 0.05, "center": [2.4848600561203167, -0.9526698918489274, 0.0], "upper": [7.831960188305697, 2.184790068597067, 1.0], "lower": [-3.8622400760650635, -4.090129852294922, 0.1], "min": [-3.8622400760650635, -4.090129852294922, 0.1], "max": [7.831960188305697, 2.184790068597067, 1.0]}