{"scale": 0.05, "center": [1.251889944076538, -0.24362079208019471, 0.0], "upper": [6.608419895172119, 5.214238327643809, 1.0], "lower": [-5.104640007019043, -5.701479911804199, 0.1], "min": [-5.104640007019043, -5.701479911804199, 0.1], "max": [6.608419895172119, 5.21423832764381, 1.0]}