{"scale": 0.05, "center": [-1.3801250457763672, 1.995834961285556, 0.0], "upper": [5.767370223999023, 6.806149988870551, 1.0], "lower": [-9.527620315551758, -2.814480066299439, 0.1], "min": [-9.527620315551758, -2.8144800662994385, 0.1], "max": [5.767370223999023, 6.80614998887055, 1.0]}