{"scale": 0.05, "center": [0.5055050849914551, -0.0050050646451627046, 0.0], "upper": [5.59250020980835, 7.081420057935016, 1.0], "lower": [-5.5814900398254395, -7.091430187225342, 0.1], "min": [-5.5814900398254395, -7.091430187225342, 0.1], "max": [5.59250020980835, 7.081420057935016, 1.0]}