{"scale": 0.05, "center": [2.517690035048872, -3.5133101501465154, 0.0], "upper": [7.058190052397549, 3.266690002511641, 1.0], "lower": [-3.022809982299805, -10.293310302804672, 0.1], "min": [-3.0228099822998047, -10.293310302804672, 0.1], "max": [7.058190052397548, 3.2666900025116408, 1.0]}