{"scale": 0.05, "center": [-0.4886350631713867, -1.1517800092697144, 0.0], "upper": [4.382209777832031, 3.7295000553131104, 1.0], "lower": [-6.359479904174805, -6.033060073852539, 0.1], "min": [-6.359479904174805, -6.033060073852539, 0.1], "max": [4.382209777832031, 3.7295000553131104, 1.0]}