{"scale": 0.05, "center": [-1.2745582664427566, -3.9398047814180712, 0.0], "upper": [3.4095914147459787, 0.6381100122372203, 1.0], "lower": [-5.99569876384334, -9.170429890044034, 0.1], "min": [-5.99569876384334, -9.170429890044034, 0.1], "max": [3.4095914147459787, 0.6381100122372203, 1.0]}