{"scale": 0.05, "center": [0.5, -0.005297924130648557, 0.0], "upper": [6.565000057220459, 3.865000009536743, 1.0], "lower": [-6.565000057220459, -3.8755958577980403, 0.1], "min": [-6.565000057220459, -3.8755958577980403, 0.1], "max": [6.565000057220459, 3.865000009536743, 1.0]}