{"scale": 0.05, "center": [0.5004995017346312, 0.0, 0.0], "upper": [6.020998984395776, 5.619999885559082, 1.0], "lower": [-6.019999980926514, -5.619999885559082, 0.1], "min": [-6.019999980926514, -5.619999885559082, 0.1], "max": [6.020998984395776, 5.619999885559082, 1.0]}