{"scale": 0.05, "center": [0.4046438139899551, 1.3095099925994873, 0.0], "upper": [5.130060195922852, 6.183290004730225, 1.0], "lower": [-5.320772567942942, -3.56427001953125, 0.1], "min": [-5.320772567942941, -3.56427001953125, 0.1], "max": [5.130060195922852, 6.183290004730225, 1.0]}