{"scale": 0.05, "center": [-1.4824843742044762, 6.623580446210671, 0.0], "upper": [4.239081176561651, 18.383889968681615, 1.0], "lower": [-8.204049924970604, -5.1367290762602735, 0.1], "min": [-8.204049924970604, -5.1367290762602735, 0.1], "max": [4.239081176561652, 18.383889968681615, 1.0]}