{"scale": 0.05, "center": [7.692849847022444, -9.651250315179343, 0.0], "upper": [12.32834977377206, 1.142798518200884, 1.0], "lower": [2.057349920272827, -20.44529914855957, 0.1], "min": [2.057349920272827, -20.44529914855957, 0.1], "max": [12.32834977377206, 1.1427985182008826, 1.0]}