{"scale": 0.05, "center": [0.5, 0.11601008478971386, 0.0], "upper": [6.565000057220459, 4.1103963467387565, 1.0], "lower": [-6.565000057220459, -3.8783761771593284, 0.1], "min": [-6.565000057220459, -3.878376177159329, 0.1], "max": [6.565000057220459, 4.1103963467387565, 1.0]}