{"scale": 0.05, "center": [2.6168202247618897, 4.60489988379592, 0.0], "upper": [8.501820365517226, 13.5828995715164, 1.0], "lower": [-4.268179915993446, -4.3730998039245605, 0.1], "min": [-4.268179915993446, -4.3730998039245605, 0.1], "max": [8.501820365517226, 13.5828995715164, 1.0]}