{"scale": 0.05, "center": [3.787880092859268, 1.2055198297084804, 0.0], "upper": [7.0278801918029785, 10.537269592285156, 1.0], "lower": [-0.45212000608444214, -8.126229932868196, 0.1], "min": [-0.45212000608444214, -8.126229932868196, 0.1], "max": [7.0278801918029785, 10.537269592285156, 1.0]}