{"scale": 0.05, "center": [2.0891194343566895, -6.863385438919067, 0.0], "upper": [16.470989227294922, 4.692759990692139, 1.0], "lower": [-13.292750358581543, -18.419530868530273, 0.1], "min": [-13.292750358581543, -18.419530868530273, 0.1], "max": [16.470989227294922, 4.692759990692139, 1.0]}