{"scale": 0.1, "center": [-3.6267800331115723, -1.1827597618103027, 0.0], "upper": [13.80321979522705, 20.24724006652832, 1.0], "lower": [-21.056779861450195, -14.612759590148926, 0.1], "min": [-21.056779861450195, -14.612759590148926, 0.1], "max": [13.80321979522705, 20.24724006652832, 1.0]}