{"scale": 0.05, "center": [3.3237998485565186, -6.615170091683584, 0.0], "upper": [8.263799667358398, 3.612580119977558, 1.0], "lower": [-2.6161999702453613, -16.842920303344727, 0.1], "min": [-2.6161999702453613, -16.842920303344727, 0.1], "max": [8.263799667358398, 3.612580119977558, 1.0]}