{"scale": 0.05, "center": [5.210829973220825, -3.882492364559038, 0.0], "upper": [14.020299911499023, 8.628495571785244, 1.0], "lower": [-4.598639965057373, -16.39348030090332, 0.1], "min": [-4.598639965057373, -16.39348030090332, 0.1], "max": [14.020299911499023, 8.628495571785244, 1.0]}