{"scale": 0.05, "center": [0.33846521377563477, -1.4659997721319087, 0.0], "upper": [13.381999969482422, 6.025000095367432, 1.0], "lower": [-13.705069541931152, -8.956999639631249, 0.1], "min": [-13.705069541931152, -8.956999639631249, 0.1], "max": [13.381999969482422, 6.025000095367432, 1.0]}