{"scale": 0.05, "center": [3.2112200143699248, -7.5364176928754745, 0.0], "upper": [9.920559883117676, 2.132999897003174, 2.0], "lower": [-4.649640083312988, -12.107000350952148, 1.0], "min": [-4.649640083312988, -12.107000350952148, 1.0], "max": [9.920559883117676, 2.132999897003174, 2.0]}