{"scale": 0.05, "center": [5.76570987701416, -7.725400655653616, 0.0], "upper": [20.592979431152344, 0.8324099779129028, 1.0], "lower": [-9.061559677124023, -16.263999938964844, 0.1], "min": [-9.061559677124023, -16.263999938964844, 0.1], "max": [20.592979431152344, 0.8324099779129028, 1.0]}