{"scale": 0.05, "center": [0.3252338220210764, 0.2395000457763672, 0.0], "upper": [5.984435313489456, 6.338096868332183, 1.0], "lower": [-5.352532138520104, -5.733419395327399, 0.1], "min": [-5.352532138520103, -5.733419395327399, 0.1], "max": [5.984435313489456, 6.338096868332182, 1.0]}