{"scale": 0.05, "center": [0.29190458499305105, -0.9292700290679932, 0.0], "upper": [4.572329998016357, 4.779950141906738, 1.0], "lower": [-4.318319797515869, -6.638490200042725, 0.1], "min": [-4.318319797515869, -6.638490200042725, 0.1], "max": [4.572329998016357, 4.779950141906738, 1.0]}