{"scale": 0.05, "center": [1.0744448823311852, -1.557459831237793, 0.0], "upper": [5.674949869032488, 3.502540111541748, 1.0], "lower": [-4.526060104370117, -6.617459774017334, 0.1], "min": [-4.526060104370117, -6.617459774017334, 0.1], "max": [5.6749498690324875, 3.502540111541748, 1.0]}