{"scale": 0.05, "center": [0.7131556433650545, -0.011150121688842773, 0.0], "upper": [4.239081176561651, 6.048649787902832, 1.0], "lower": [-3.8127698898315425, -6.070950031280518, 0.1], "min": [-3.812769889831543, -6.070950031280518, 0.1], "max": [4.239081176561652, 6.048649787902832, 1.0]}