{"scale": 0.05, "center": [0.5005534711833359, 0.0008471110906596024, 0.0], "upper": [9.00787424484882, 6.18669416496086, 1.0], "lower": [-9.006767302482148, -6.184999942779541, 0.1], "min": [-9.006767302482148, -6.184999942779541, 0.1], "max": [9.00787424484882, 6.18669416496086, 1.0]}