{"scale": 0.05, "center": [0.2982605856868319, -0.11367011070251465, 0.0], "upper": [4.239081176561651, 6.335559844970703, 1.0], "lower": [-4.642560005187988, -6.562900066375732, 0.1], "min": [-4.642560005187988, -6.562900066375732, 0.1], "max": [4.239081176561652, 6.335559844970703, 1.0]}