{"scale": 0.05, "center": [5.432770353537562, 1.9823936472939825, 0.0], "upper": [16.97563981469152, 9.293238885616525, 1.0], "lower": [-7.110099107616393, -5.328451591028561, 0.1], "min": [-7.110099107616394, -5.32845159102856, 0.1], "max": [16.97563981469152, 9.293238885616525, 1.0]}