{"scale": 0.05, "center": [4.433500051498413, 0.5489997863769531, 0.0], "upper": [12.392000198364258, 5.5289998054504395, 1.0], "lower": [-4.525000095367432, -4.431000232696533, 0.1], "min": [-4.525000095367432, -4.431000232696533, 0.1], "max": [12.392000198364258, 5.5289998054504395, 1.0]}