{"scale": 0.05, "center": [0.9813156289073519, -0.3418400287628174, 0.0], "upper": [4.239081176561652, 2.3481600284576416, 1.0], "lower": [-3.2764499187469482, -3.0318400859832764, 0.1], "min": [-3.2764499187469482, -3.0318400859832764, 0.1], "max": [4.239081176561652, 2.3481600284576416, 1.0]}