{"scale": 0.05, "center": [0.5004949569702148, 0.0002900403366226101, 0.0], "upper": [7.496500015258789, 6.236389883682278, 1.0], "lower": [-7.495510101318359, -6.235809803009033, 0.1], "min": [-7.495510101318359, -6.235809803009033, 0.1], "max": [7.496500015258789, 6.236389883682278, 1.0]}