{"scale": 0.05, "center": [1.8559999465942383, -1.7489999532699585, 0.0], "upper": [8.161999702453613, 3.240999937057495, 1.0], "lower": [-5.449999809265137, -6.738999843597412, 0.1], "min": [-5.449999809265137, -6.738999843597412, 0.1], "max": [8.161999702453613, 3.240999937057495, 1.0]}