{"scale": 0.05, "center": [2.403999924659729, -2.099000006914139, 0.0], "upper": [3.5439999103546143, 0.6309999823570251, 1.0], "lower": [-4.736000061035156, -4.828999996185303, 0.1], "min": [-4.736000061035156, -4.828999996185303, 0.1], "max": [3.5439999103546143, 0.6309999823570251, 1.0]}