{"scale": 0.05, "center": [0.5022500178625817, -0.8144730435332979, 0.0], "upper": [5.779500131092595, 5.5059965948601715, 1.0], "lower": [-5.775000095367432, -7.134942681926766, 0.1], "min": [-5.775000095367432, -7.134942681926767, 0.1], "max": [5.779500131092595, 5.5059965948601715, 1.0]}