{"scale": 0.05, "center": [1.7091200351715088, -2.1851899733284648, 0.0], "upper": [6.54911994934082, 5.577809788755669, 1.0], "lower": [-4.130879878997803, -9.948189735412598, 0.1], "min": [-4.130879878997803, -9.948189735412598, 0.1], "max": [6.54911994934082, 5.577809788755668, 1.0]}