{"scale": 0.05, "center": [0.5, 0.0005098154792539944, 0.0], "upper": [8.359999656677246, 6.240999851753186, 1.0], "lower": [-8.359999656677246, -6.239980220794678, 0.1], "min": [-8.359999656677246, -6.239980220794678, 0.1], "max": [8.359999656677246, 6.240999851753186, 1.0]}