{"scale": 0.05, "center": [0.07695508003234863, 0.9405897823695701, 0.0], "upper": [6.466750144958496, 8.711269610668095, 1.0], "lower": [-7.312839984893799, -6.830090045928955, 0.1], "min": [-7.312839984893799, -6.830090045928955, 0.1], "max": [6.466750144958496, 8.711269610668095, 1.0]}