{"scale": 0.05, "center": [-0.0782185557218893, -2.225445167225557, 0.0], "upper": [5.259409926098984, 6.562300205230713, 1.0], "lower": [-3.8457698822021484, -7.896510124206543, 0.1], "min": [-3.8457698822021484, -7.896510124206543, 0.1], "max": [5.259409926098984, 6.562300205230713, 1.0]}