{"scale": 0.05, "center": [1.0309916113614643, 0.8788612802952862, 0.0], "upper": [4.996000237297267, 5.154459133528179, 1.0], "lower": [-4.934017014574337, -5.3967365729376064, 0.1], "min": [-4.934017014574338, -5.3967365729376064, 0.1], "max": [4.996000237297267, 5.154459133528179, 1.0]}