{"scale": 0.05, "center": [0.17589658948395082, -0.4498698219831567, 0.0], "upper": [7.632523307086393, 4.645130157470703, 1.0], "lower": [-8.28073012811849, -5.544869801437017, 0.1], "min": [-8.28073012811849, -5.544869801437017, 0.1], "max": [7.632523307086392, 4.645130157470703, 1.0]}