{"scale": 0.05, "center": [2.269850015640259, -0.3677399554871954, 0.0], "upper": [6.9168500900268555, 3.0332601070404053, 1.0], "lower": [-3.377150058746338, -3.768740018014796, 0.1], "min": [-3.377150058746338, -3.768740018014796, 0.1], "max": [6.9168500900268555, 3.0332601070404053, 1.0]}