{"scale": 0.05, "center": [1.3076172542140352, 1.5221321533571848, 0.0], "upper": [8.22562026977539, 5.742919921875, 1.0], "lower": [-7.574379920959473, -4.366079807281494, 0.1], "min": [-7.574379920959473, -4.366079807281494, 0.1], "max": [8.22562026977539, 5.742919921875, 1.0]}