{"scale": 0.05, "center": [-0.8132452964782715, -1.0350184665915094, 0.0], "upper": [10.13659954071045, 12.499732926130946, 1.0], "lower": [-12.763090133666992, -14.569769859313965, 0.1], "min": [-12.763090133666992, -14.569769859313965, 0.1], "max": [10.13659954071045, 12.499732926130946, 1.0]}