{"scale": 0.05, "center": [-4.664482163029465, -1.6819781932140028, 0.0], "upper": [-1.5271991179535194, 1.3439535839998575, 1.0], "lower": [-5.801765208105411, -2.7079099704278633, 0.1], "min": [-5.801765208105411, -2.7079099704278633, 0.1], "max": [-1.5271991179535191, 1.3439535839998578, 1.0]}