{"scale": 0.05, "center": [1.5639017207540942, -0.9691563072657163, 0.0], "upper": [7.999360084533691, 4.5555700848211345, 1.0], "lower": [-5.871556643025503, -6.493882699352568, 0.1], "min": [-5.871556643025503, -6.493882699352567, 0.1], "max": [7.999360084533691, 4.5555700848211345, 1.0]}