{"scale": 0.05, "center": [2.083689933251211, -4.752935171127319, 0.0], "upper": [8.895689964294434, 2.0870699882507324, 1.0], "lower": [-5.728310097792011, -11.592940330505371, 0.1], "min": [-5.728310097792011, -11.592940330505371, 0.1], "max": [8.895689964294434, 2.0870699882507324, 1.0]}