{"scale": 0.05, "center": [0.6243421386147687, 0.02389383531650635, 0.0], "upper": [4.239081176561652, 5.525125080894213, 1.0], "lower": [-3.990396899332114, -5.4773374102612, 0.1], "min": [-3.9903968993321146, -5.4773374102612, 0.1], "max": [4.239081176561652, 5.525125080894212, 1.0]}