{"scale": 0.05, "center": [-0.7297667132457621, -2.136247059177416, 0.0], "upper": [2.7339000701904297, 3.2379701137542725, 1.0], "lower": [-3.7460999488830566, -8.292030334472656, 0.1], "min": [-3.7460999488830566, -8.292030334472656, 0.1], "max": [2.7339000701904297, 3.2379701137542725, 1.0]}