{"scale": 0.05, "center": [2.833043191744129, -4.167477747763158, 0.0], "upper": [5.425049781799316, 2.0586900223783076, 1.0], "lower": [-4.55396015483166, -7.096819877624512, 0.1], "min": [-4.5539601548316595, -7.096819877624512, 0.1], "max": [5.425049781799316, 2.0586900223783076, 1.0]}