{"scale": 0.05, "center": [0.8625406187984042, 0.11630150908439019, 0.0], "upper": [4.239081176561652, 5.447000026702881, 1.0], "lower": [-3.5139999389648438, -5.2143970085341, 0.1], "min": [-3.5139999389648438, -5.2143970085341005, 0.1], "max": [4.239081176561652, 5.447000026702881, 1.0]}