{"scale": 0.05, "center": [0.5932244224551333, -5.6013087753573725, 0.0], "upper": [4.294320106506348, 2.859179973602295, 1.0], "lower": [-4.435679912567139, -11.14481972184712, 0.1], "min": [-4.435679912567139, -11.14481972184712, 0.1], "max": [4.294320106506348, 2.859179973602295, 1.0]}