{"scale": 0.05, "center": [2.2070584060398852, 3.89466283476225, 0.0], "upper": [8.394190066273339, 6.96451997756958, 1.0], "lower": [-6.3160102300001455, -5.064199924468994, 0.1], "min": [-6.3160102300001455, -5.064199924468994, 0.1], "max": [8.394190066273339, 6.96451997756958, 1.0]}