{"scale": 0.05, "center": [-5.093050203286111, -0.059999942779541016, 0.0], "upper": [4.670000076293945, 5.789999961853027, 1.0], "lower": [-6.28000020980835, -5.909999847412109, 0.1], "min": [-6.28000020980835, -5.909999847412109, 0.1], "max": [4.670000076293945, 5.789999961853027, 1.0]}