{"scale": 0.05, "center": [2.0002002882906327, -1.0759000778198242, 0.0], "upper": [8.30571034907272, 4.306149959564209, 1.0], "lower": [-5.305309772491455, -6.457950115203857, 0.1], "min": [-5.305309772491455, -6.457950115203857, 0.1], "max": [8.30571034907272, 4.306149959564209, 1.0]}