{"scale": 0.05, "center": [-1.313879354575009, 0.413710125198294, 0.0], "upper": [4.239081176561651, 6.320960060577253, 1.0], "lower": [-7.86683988571167, -5.493539810180664, 0.1], "min": [-7.86683988571167, -5.493539810180664, 0.1], "max": [4.239081176561652, 6.320960060577252, 1.0]}