{"scale": 0.05, "center": [0.8502500057220459, -0.0010399818420410156, 0.0], "upper": [5.288000106811523, 5.600500106811523, 1.0], "lower": [-4.587500095367432, -5.6025800704956055, 0.1], "min": [-4.587500095367432, -5.6025800704956055, 0.1], "max": [5.288000106811523, 5.600500106811523, 1.0]}