{"scale": 0.05, "center": [0.9880192946417048, 0.44415093300710673, 0.0], "upper": [4.239081176561652, 4.25392975411587, 1.0], "lower": [-3.2630425872782425, -3.365627888101656, 0.1], "min": [-3.2630425872782425, -3.365627888101656, 0.1], "max": [4.239081176561652, 4.25392975411587, 1.0]}