{"scale": 0.05, "center": [-4.712839229681821, 5.34424188567532, 0.0], "upper": [4.239081176561651, 11.89588373568322, 1.0], "lower": [-14.664759635925293, -1.2073999643325806, 0.1], "min": [-14.664759635925293, -1.2073999643325806, 0.1], "max": [4.239081176561652, 11.89588373568322, 1.0]}