{"scale": 0.05, "center": [0.30302000045776367, -0.6789250373840332, 0.0], "upper": [4.603020191192627, 4.846069812774658, 1.0], "lower": [-4.9969801902771, -6.203919887542725, 0.1], "min": [-4.9969801902771, -6.203919887542725, 0.1], "max": [4.603020191192627, 4.846069812774658, 1.0]}