{"scale": 0.05, "center": [3.309823347831564, -2.1222169235115125, 0.0], "upper": [10.011877728277403, 0.8103867068817596, 1.0], "lower": [-5.362121773587576, -13.231420223601162, 0.1], "min": [-5.3621217735875755, -13.231420223601162, 0.1], "max": [10.011877728277403, 0.8103867068817596, 1.0]}