{"scale": 0.05, "center": [3.707000255584717, 2.2200002670288086, 0.0], "upper": [14.522000312805176, 9.350000381469727, 1.0], "lower": [-8.107999801635742, -4.909999847412109, 0.1], "min": [-8.107999801635742, -4.909999847412109, 0.1], "max": [14.522000312805176, 9.350000381469727, 1.0]}