{"scale": 0.05, "center": [4.12913997764047, -6.299488825744457, 0.0], "upper": [7.614140052625128, 3.068612488644604, 1.0], "lower": [-3.355860097344188, -11.667590140133518, 0.4], "min": [-3.3558600973441877, -11.667590140133518, 0.4], "max": [7.614140052625127, 3.068612488644604, 1.0]}