{"scale": 0.05, "center": [-3.7081689371437783, -7.202885010731581, 0.0], "upper": [4.239081176561651, 1.937000036239624, 1.0], "lower": [-12.655419050849208, -16.342770057702786, 0.1], "min": [-12.655419050849208, -16.342770057702786, 0.1], "max": [4.239081176561652, 1.937000036239624, 1.0]}