{"scale": 0.05, "center": [5.016910229648296, -7.64977502822876, 0.0], "upper": [13.199220487525352, 8.756449699401855, 1.0], "lower": [-4.16540002822876, -24.055999755859375, 0.1], "min": [-4.16540002822876, -24.055999755859375, 0.1], "max": [13.199220487525352, 8.756449699401855, 1.0]}