{"scale": 0.05, "center": [0.6011356276485018, -0.42364501953125, 0.0], "upper": [2.8849705611936245, 5.506559914792888, 1.0], "lower": [-3.034549947831881, -6.590593535493104, 0.1], "min": [-3.034549947831881, -6.590593535493104, 0.1], "max": [2.8849705611936245, 5.506559914792888, 1.0]}