{"scale": 0.05, "center": [6.521792125791161, 6.330398804695012, 0.0], "upper": [12.775859915471917, 11.8379109788393, 1.0], "lower": [-1.7322756638895953, -1.1771133694492768, 0.1], "min": [-1.7322756638895953, -1.177113369449276, 0.1], "max": [12.775859915471917, 11.8379109788393, 1.0]}