{"scale": 0.05, "center": [20.822850227355957, 8.286160111427307, 0.0], "upper": [26.87285041809082, 12.736160278320312, 2.0], "lower": [14.772850036621094, 3.8361599445343018, 1.0], "min": [14.772850036621094, 3.8361599445343018, 1.0], "max": [26.87285041809082, 12.736160278320312, 2.0]}