{"scale": 0.05, "center": [-1.1509593564060636, 0.003830431852492655, 0.0], "upper": [4.239081176561651, 5.3362507799342325, 1.0], "lower": [-7.540999889373779, -5.328589916229248, 0.1], "min": [-7.540999889373779, -5.328589916229248, 0.1], "max": [4.239081176561652, 5.336250779934233, 1.0]}