{"scale": 0.05, "center": [-3.6648202062762043, 0.5441618928733756, 0.0], "upper": [1.7951018309449402, 6.279301368398592, 1.0], "lower": [-11.56872158911406, -5.471486375843824, 0.1], "min": [-11.56872158911406, -5.471486375843825, 0.1], "max": [1.7951018309449405, 6.279301368398592, 1.0]}