{"scale": 0.05, "center": [-0.19800019264221191, -3.312000036239624, 0.0], "upper": [4.081999778747559, 5.8979997634887695, 1.0], "lower": [-4.478000164031982, -4.521999835968018, 0.1], "min": [-4.478000164031982, -4.521999835968018, 0.1], "max": [4.081999778747559, 5.8979997634887695, 1.0]}