{"scale": 0.05, "center": [8.54269016135975, -3.0977900416910416, 0.0], "upper": [14.663190371776508, 2.023210048675537, 1.0], "lower": [1.4221899509429932, -8.21879013205762, 0.1], "min": [1.4221899509429932, -8.21879013205762, 0.1], "max": [14.663190371776508, 2.023210048675537, 1.0]}