{"scale": 0.05, "center": [-0.26649999618530273, 4.5657445643425225, 0.0], "upper": [5.442999839782715, 8.888999938964844, 1.0], "lower": [-6.97599983215332, 0.24248918972020128, 0.1], "min": [-6.97599983215332, 0.24248918972020056, 0.1], "max": [5.442999839782715, 8.888999938964844, 1.0]}