{"scale": 0.05, "center": [-0.06552473857300267, 0.04999995231628418, 0.0], "upper": [8.845000267028809, 5.515999794006348, 1.0], "lower": [-9.976049744174816, -5.415999889373779, 0.1], "min": [-9.976049744174814, -5.415999889373779, 0.1], "max": [8.845000267028809, 5.515999794006348, 1.0]}