{"scale": 0.05, "center": [6.530749920753763, -3.5659998655319214, 0.0], "upper": [16.829999923706055, 1.6740000247955322, 1.0], "lower": [-4.768500082198528, -8.805999755859375, 0.1], "min": [-4.768500082198528, -8.805999755859375, 0.1], "max": [16.829999923706055, 1.6740000247955322, 1.0]}