{"scale": 0.05, "center": [3.943064921936852, -2.7445500039143518, 0.0], "upper": [8.336679804010117, 3.742449998855591, 1.0], "lower": [-1.4505499601364136, -9.231550006684294, 0.1], "min": [-1.4505499601364136, -9.231550006684294, 0.1], "max": [8.336679804010117, 3.742449998855591, 1.0]}