{"scale": 0.05, "center": [0.3957755924693189, -1.1262600421905518, 0.0], "upper": [4.239081176561651, 2.6137399673461914, 1.0], "lower": [-4.447529991623014, -4.866260051727295, 0.1], "min": [-4.447529991623014, -4.866260051727295, 0.1], "max": [4.239081176561652, 2.6137399673461914, 1.0]}