{"scale": 0.05, "center": [0.07353005046024919, -1.8179749525152147, 0.0], "upper": [5.15121001470834, 2.1540700839832425, 1.0], "lower": [-6.004149913787842, -5.790019989013672, 0.1], "min": [-6.004149913787842, -5.790019989013672, 0.1], "max": [5.15121001470834, 2.1540700839832425, 1.0]}