{"scale": 0.05, "center": [4.892038490667856, -5.984146516884608, 0.0], "upper": [9.354209798709823, 5.030020236968994, 1.0], "lower": [-3.342289924621582, -10.649979591369629, 0.1], "min": [-3.342289924621582, -10.649979591369629, 0.1], "max": [9.354209798709823, 5.030020236968994, 1.0]}