{"scale": 0.05, "center": [1.9716099500656128, -2.6978100853224714, 0.0], "upper": [6.171609878540039, 1.8141900300979614, 1.0], "lower": [-3.2283899784088135, -7.209810200742904, 0.1], "min": [-3.2283899784088135, -7.209810200742904, 0.1], "max": [6.171609878540039, 1.8141900300979614, 1.0]}