{"scale": 0.05, "center": [0.5, 0.24209093273374904, 0.0], "upper": [5.88700008392334, 6.0871820294994805, 1.0], "lower": [-5.88700008392334, -5.603000164031982, 0.1], "min": [-5.88700008392334, -5.603000164031982, 0.1], "max": [5.88700008392334, 6.0871820294994805, 1.0]}