{"scale": 0.05, "center": [3.4080052375793457, -2.5795651507428756, 0.0], "upper": [8.266130447387695, 3.3547199106114167, 1.0], "lower": [-2.450119972229004, -8.513850212097168, 0.1], "min": [-2.450119972229004, -8.513850212097168, 0.1], "max": [8.266130447387695, 3.3547199106114167, 1.0]}