{"scale": 0.05, "center": [3.948400139808655, -6.231566655409316, 0.0], "upper": [9.188400268554688, 3.3631699085235605, 1.0], "lower": [-2.291599988937378, -15.826303219342194, 0.1], "min": [-2.291599988937378, -15.826303219342192, 0.1], "max": [9.188400268554688, 3.3631699085235596, 1.0]}