{"scale": 0.05, "center": [21.53991985321045, -3.6928699016571045, 0.0], "upper": [26.57151985168457, 6.752130031585693, 1.0], "lower": [16.508319854736328, -6.137869834899902, 0.1], "min": [16.508319854736328, -6.137869834899902, 0.1], "max": [26.57151985168457, 6.752130031585693, 1.0]}