{"scale": 0.05, "center": [-0.35530996322631836, -0.1693381497585471, 0.0], "upper": [4.339690208435059, 5.352799892425537, 1.0], "lower": [-6.050310134887695, -5.69147619194263, 0.1], "min": [-6.050310134887695, -5.691476191942631, 0.1], "max": [4.339690208435059, 5.352799892425537, 1.0]}