{"scale": 0.05, "center": [5.532659947872162, -3.0640000700950623, 0.0], "upper": [11.547659873962402, 1.4359999895095825, 1.0], "lower": [-1.4823399782180786, -7.564000129699707, 0.1], "min": [-1.4823399782180786, -7.564000129699707, 0.1], "max": [11.547659873962402, 1.4359999895095825, 1.0]}