{"scale": 0.05, "center": [1.640820026397705, -1.0617799758911133, 0.0], "upper": [6.000820159912109, 2.5832200050354004, 1.0], "lower": [-3.719180107116699, -4.706779956817627, 0.1], "min": [-3.719180107116699, -4.706779956817627, 0.1], "max": [6.000820159912109, 2.5832200050354004, 1.0]}