{"scale": 0.01, "center": [-1.307820408386251, -0.8585882160039362, 0.0], "upper": [3.5764899253845215, 5.423989772796631, 1.0], "lower": [-3.6080400943756104, -5.336460113525391, 0.1], "min": [-3.6080400943756104, -5.336460113525391, 0.1], "max": [3.5764899253845215, 5.423989772796631, 1.0]}