{"scale": 0.05, "center": [-0.19109950838360268, 1.2290465972515592, 0.0], "upper": [4.239081176561651, 8.320391911583647, 1.0], "lower": [-5.621280193328857, -5.862298717080529, 0.1], "min": [-5.621280193328857, -5.862298717080528, 0.1], "max": [4.239081176561652, 8.320391911583647, 1.0]}