{"scale": 0.05, "center": [7.389250226318836, -3.4846958641905745, 0.0], "upper": [14.021750450134277, 1.1427985182008822, 1.0], "lower": [-0.24324999749660492, -8.112190246582031, 0.1], "min": [-0.24324999749660492, -8.112190246582031, 0.1], "max": [14.021750450134277, 1.1427985182008826, 1.0]}