{"scale": 0.05, "center": [0.7518899440765381, -0.17569518089294434, 0.0], "upper": [6.6072200780617205, 5.34224112867245, 1.0], "lower": [-4.865317971013662, -5.693373210730558, 0.1], "min": [-4.8653179710136625, -5.693373210730558, 0.1], "max": [6.6072200780617205, 5.34224112867245, 1.0]}