{"scale": 0.05, "center": [2.602095067501068, -0.9902500666316545, 0.0], "upper": [6.084930212931811, 3.2354699061043664, 1.0], "lower": [-0.7262400295070002, -4.976964768287228, 0.1], "min": [-0.7262400295070002, -4.976964768287229, 0.1], "max": [6.084930212931811, 3.235469906104367, 1.0]}