{"scale": 0.05, "center": [-4.013959510901303, -6.110100698937889, 0.0], "upper": [4.239081176561651, 1.1427985182008822, 1.0], "lower": [-13.267000198364258, -13.36299991607666, 0.1], "min": [-13.267000198364258, -13.36299991607666, 0.1], "max": [4.239081176561652, 1.1427985182008826, 1.0]}