{"scale": 0.05, "center": [-0.05014991760253906, 0.03261518478393555, 0.0], "upper": [4.808020189362857, 4.616754023421873, 1.0], "lower": [-4.907994704316851, -4.560032859185004, 0.1], "min": [-4.907994704316851, -4.560032859185004, 0.1], "max": [4.808020189362857, 4.616754023421874, 1.0]}