{"scale": 0.05, "center": [1.305690050125122, -4.183636191407572, 0.0], "upper": [5.195690155029297, 2.0870699882507324, 1.0], "lower": [-3.5843100547790527, -10.454342371065877, 0.1], "min": [-3.5843100547790527, -10.454342371065877, 0.1], "max": [5.195690155029297, 2.0870699882507324, 1.0]}