{"scale": 0.05, "center": [3.85971999168396, -4.59649025678084, 0.0], "upper": [9.377120018005371, 2.241879940032959, 1.0], "lower": [-2.657680034637451, -11.43486045359464, 0.1], "min": [-2.657680034637451, -11.43486045359464, 0.1], "max": [9.377120018005371, 2.241879940032959, 1.0]}