{"scale": 0.05, "center": [-0.1895742848160784, -1.647898132745376, 0.0], "upper": [4.47492994737695, 5.831413164238647, 1.0], "lower": [-3.5714300759084896, -6.569069843098987, 0.1], "min": [-3.57143007590849, -6.569069843098986, 0.1], "max": [4.47492994737695, 5.831413164238647, 1.0]}