{"scale": 0.05, "center": [-1.6322104053511894, 1.2194445175699595, 0.0], "upper": [4.239081176561652, 3.0853500366210938, 1.0], "lower": [-4.521610098280894, -3.1359798908233643, 0.1], "min": [-4.521610098280894, -3.1359798908233643, 0.1], "max": [4.239081176561652, 3.0853500366210938, 1.0]}