{"scale": 0.05, "center": [-0.5280766693831982, 0.02631788869571139, 0.0], "upper": [7.848740100860596, 3.507309913635254, 1.0], "lower": [-9.041930371336086, -4.742690086364746, 0.1], "min": [-9.041930371336086, -4.742690086364746, 0.1], "max": [7.848740100860596, 3.507309913635254, 1.0]}