{"scale": 0.05, "center": [0.6414758496779651, -0.24963985558133528, 0.0], "upper": [5.172771798232883, 5.699860095977783, 1.0], "lower": [-4.889820098876953, -6.199139807140455, 0.1], "min": [-4.889820098876953, -6.199139807140454, 0.1], "max": [5.172771798232883, 5.699860095977783, 1.0]}