{"scale": 0.05, "center": [2.551803309168024, 1.7925748825073242, 0.0], "upper": [7.203239917755127, 6.621339797973633, 1.0], "lower": [-3.0996332994190787, -3.0361900329589844, 0.1], "min": [-3.0996332994190787, -3.0361900329589844, 0.1], "max": [7.203239917755127, 6.621339797973633, 1.0]}