{"scale": 0.05, "center": [0.9439760495281471, 2.609117847799282, 0.0], "upper": [8.66241193792348, 7.782742926123319, 1.0], "lower": [-7.774459838867187, -2.5645072305247556, 0.1], "min": [-7.7744598388671875, -2.5645072305247556, 0.1], "max": [8.662411937923482, 7.782742926123319, 1.0]}