{"scale": 0.05, "center": [0.5, 0.0, 0.0], "upper": [4.900000095367432, 6.449999809265137, 1.0], "lower": [-4.900000095367432, -6.449999809265137, 0.1], "min": [-4.900000095367432, -6.449999809265137, 0.1], "max": [4.900000095367432, 6.449999809265137, 1.0]}