{"scale": 0.05, "center": [2.6817631915328226, -5.321422458819111, 0.0], "upper": [8.298470461643307, 3.0131755992577496, 1.0], "lower": [-1.7327397250115713, -9.23020019948515, 0.1], "min": [-1.7327397250115717, -9.23020019948515, 0.1], "max": [8.298470461643307, 3.0131755992577496, 1.0]}