{"scale": 0.05, "center": [-0.7574054009451154, -3.176631955922732, 0.0], "upper": [6.53358823064236, 2.871835679279698, 1.0], "lower": [-4.706839946063036, -5.133389815170554, 0.1], "min": [-4.706839946063036, -5.133389815170554, 0.1], "max": [6.533588230642359, 2.8718356792796977, 1.0]}