{"scale": 0.05, "center": [0.6009386000314518, -0.06212535715069434, 0.0], "upper": [5.590000152587891, 4.755749400139528, 1.0], "lower": [-5.388122952524988, -4.880000114440918, 0.1], "min": [-5.388122952524987, -4.880000114440918, 0.1], "max": [5.590000152587891, 4.755749400139529, 1.0]}