{"scale": 0.05, "center": [2.0226615544700666, 0.5150122567483928, 0.0], "upper": [5.6031999588012695, 2.910100039681504, 1.0], "lower": [-5.052370071411133, -3.642212712620829, 0.1], "min": [-5.052370071411133, -3.642212712620829, 0.1], "max": [5.6031999588012695, 2.910100039681504, 1.0]}