{"scale": 0.05, "center": [-1.6270406620715292, -4.047712187417938, 0.0], "upper": [3.1169999638805166, 3.607500115542532, 1.0], "lower": [-10.133810494485175, -7.46665960587103, 0.1], "min": [-10.133810494485175, -7.46665960587103, 0.1], "max": [3.116999963880516, 3.6075001155425324, 1.0]}