{"scale": 0.05, "center": [4.8584999541635625, -2.6985000371932983, 0.0], "upper": [13.567999839782715, 2.260999917984009, 1.0], "lower": [-3.8489999771118164, -7.6579999923706055, 0.1], "min": [-3.8489999771118164, -7.6579999923706055, 0.1], "max": [13.567999839782715, 2.260999917984009, 1.0]}