{"scale": 0.05, "center": [-3.0454861442366425, -1.7584305035716632, 0.0], "upper": [7.908999919891357, 1.3040000200271606, 1.0], "lower": [-7.552999973297119, -8.435999870300293, 0.1], "min": [-7.552999973297119, -8.435999870300293, 0.1], "max": [7.908999919891357, 1.3040000200271606, 1.0]}