{"scale": 0.05, "center": [1.7623094100650576, -7.974130160323232, 0.0], "upper": [7.05893644041349, 0.29309850675382876, 1.0], "lower": [-1.5412493697969398, -12.90947278472071, 0.1], "min": [-1.54124936979694, -12.90947278472071, 0.1], "max": [7.058936440413491, 0.29309850675382804, 1.0]}