{"scale": 0.05, "center": [2.219590187072754, -1.981645754754303, 0.0], "upper": [10.059590339660645, 6.408949972130359, 1.0], "lower": [-6.620409965515137, -10.372241481638966, 0.1], "min": [-6.620409965515137, -10.372241481638964, 0.1], "max": [10.059590339660645, 6.408949972130358, 1.0]}