{"scale": 0.05, "center": [-15.898640155792236, 1.2400951385498047, 0.0], "upper": [-8.866490364074707, 7.220069885253906, 1.0], "lower": [-22.930789947509766, -10.739879608154297, 0.1], "min": [-22.930789947509766, -10.739879608154297, 0.1], "max": [-8.866490364074707, 7.220069885253906, 1.0]}