{"scale": 0.05, "center": [2.8178257234229194, -0.13484517813721375, 0.0], "upper": [5.4989800453186035, 4.5618601324268795, 1.0], "lower": [-1.9810199737548828, -14.167980194091797, 0.1], "min": [-1.9810199737548828, -14.167980194091797, 0.1], "max": [5.4989800453186035, 4.5618601324268795, 1.0]}