{"scale": 0.05, "center": [0.4544999599456787, -0.08129499326688983, 0.0], "upper": [6.817999839782715, 5.00940994480167, 1.0], "lower": [-6.908999919891357, -5.171999931335449, 0.1], "min": [-6.908999919891357, -5.171999931335449, 0.1], "max": [6.817999839782715, 5.00940994480167, 1.0]}