{"scale": 0.05, "center": [1.975249979774953, -4.211749937255382, 0.0], "upper": [7.822000026702881, 3.575000047683716, 1.0], "lower": [-4.871500067152976, -11.99849992219448, 0.1], "min": [-4.871500067152975, -11.99849992219448, 0.1], "max": [7.822000026702881, 3.575000047683716, 1.0]}