{"scale": 0.05, "center": [1.5693899655600703, -3.0245500480120038, 0.0], "upper": [7.332390122465355, 9.61769962310791, 1.0], "lower": [-5.193610191345215, -15.666799719131916, 0.1], "min": [-5.193610191345215, -15.666799719131918, 0.1], "max": [7.332390122465355, 9.61769962310791, 1.0]}