{"scale": 0.05, "center": [2.490035806728316, -0.8838116223207417, 0.0], "upper": [5.897190909070304, 6.46909247940539, 1.0], "lower": [-6.213956042884718, -5.945991745550147, 0.1], "min": [-6.213956042884718, -5.945991745550147, 0.1], "max": [5.897190909070304, 6.46909247940539, 1.0]}