{"scale": 0.05, "center": [0.0, -0.13066506385803223, 0.0], "upper": [5.750764570994974, 6.3966901047476625, 1.0], "lower": [-5.7518485947741524, -6.743519873303644, 0.1], "min": [-5.7518485947741524, -6.743519873303644, 0.1], "max": [5.750764570994973, 6.396690104747663, 1.0]}