{"scale": 0.05, "center": [1.5605290868647264, 3.9121352628939134, 0.0], "upper": [4.480000019073486, 5.990409851074219, 1.0], "lower": [-0.11999999731779099, 0.8681093702115925, 0.1], "min": [-0.11999999731779099, 0.8681093702115927, 0.1], "max": [4.480000019073486, 5.990409851074219, 1.0]}