{"scale": 0.05, "center": [5.672499775886536, 3.1566351975906226, 0.0], "upper": [8.965999603271484, 8.343000411987305, 1.0], "lower": [1.378999948501587, -2.0297300168060595, 0.1], "min": [1.378999948501587, -2.0297300168060595, 0.1], "max": [8.965999603271484, 8.343000411987305, 1.0]}