{"scale": 0.05, "center": [5.464849661225873, -4.120960665215965, 0.0], "upper": [11.852459332217371, 1.1427985182008822, 1.0], "lower": [-1.922760009765625, -9.384719848632812, 0.1], "min": [-1.922760009765625, -9.384719848632812, 0.1], "max": [11.852459332217371, 1.1427985182008826, 1.0]}