{"scale": 0.05, "center": [1.0831700563430786, -1.6829367049201327, 0.0], "upper": [4.403170108795166, 6.387956546214422, 1.0], "lower": [-3.236829996109009, -9.753829956054688, 0.1], "min": [-3.236829996109009, -9.753829956054688, 0.1], "max": [4.403170108795166, 6.387956546214422, 1.0]}