{"scale": 0.05, "center": [3.950799882411957, -6.691560620022428, 0.0], "upper": [8.690799713134766, 1.1427985182008822, 1.0], "lower": [-1.789199948310852, -14.525919758245738, 0.1], "min": [-1.789199948310852, -14.525919758245738, 0.1], "max": [8.690799713134766, 1.1427985182008826, 1.0]}