{"scale": 0.05, "center": [0.5000021444780245, -0.4542864183764852, 0.0], "upper": [5.160789966583252, 6.80181020795844, 1.0], "lower": [-5.160785677627203, -7.710383044711411, 0.1], "min": [-5.160785677627203, -7.710383044711411, 0.1], "max": [5.160789966583252, 6.80181020795844, 1.0]}