{"scale": 0.05, "center": [2.264894962310791, -5.067620707025047, 0.0], "upper": [7.554679870605469, 1.1427985182008822, 1.0], "lower": [-4.024889945983887, -11.278039932250977, 0.1], "min": [-4.024889945983887, -11.278039932250977, 0.1], "max": [7.554679870605469, 1.1427985182008826, 1.0]}