{"scale": 0.05, "center": [4.725953885295645, -11.132934808731079, 0.0], "upper": [12.09568977355957, 2.0870699882507324, 1.0], "lower": [-3.6437820029682797, -24.35293960571289, 0.1], "min": [-3.6437820029682793, -24.35293960571289, 0.1], "max": [12.09568977355957, 2.0870699882507324, 1.0]}