{"scale": 0.05, "center": [12.16237759268554, 7.452866468721913, 0.0], "upper": [21.067026788227142, 23.991611259944186, 1.0], "lower": [-3.3769509041637953, 1.8980000438732532, 0.1], "min": [-3.3769509041637966, 1.8980000438732527, 0.1], "max": [21.067026788227142, 23.991611259944186, 1.0]}