{"scale": 0.05, "center": [-3.911424783524126, 0.8502348386682566, 0.0], "upper": [5.533360187895596, 6.718849842436612, 1.0], "lower": [-14.356209754943848, -5.018380165100098, 0.1], "min": [-14.356209754943848, -5.018380165100098, 0.1], "max": [5.533360187895595, 6.718849842436611, 1.0]}