{"scale": 0.05, "center": [-0.017479952694732237, -4.856948698080044, 0.0], "upper": [6.822843574514785, 7.595000038621947, 1.0], "lower": [-4.868958163439469, -10.332982837979674, 0.1], "min": [-4.868958163439469, -10.332982837979674, 0.1], "max": [6.822843574514786, 7.595000038621946, 1.0]}