{"scale": 0.05, "center": [-3.0239792181802296, -0.06262254930110478, 0.0], "upper": [7.115340232849121, 4.24006986618042, 1.0], "lower": [-7.031519889831543, -6.468929767608643, 0.1], "min": [-7.031519889831543, -6.468929767608643, 0.1], "max": [7.115340232849121, 4.24006986618042, 1.0]}