{"scale": 0.05, "center": [-2.0448586434516995, -0.021332929662045252, 0.0], "upper": [3.8117198944091797, 4.113339900970459, 1.0], "lower": [-4.3424601554870605, -8.14111042022705, 0.1], "min": [-4.3424601554870605, -8.14111042022705, 0.1], "max": [3.8117198944091797, 4.113339900970459, 1.0]}