{"scale": 0.05, "center": [1.0580972952407386, -0.7259997349130263, 0.0], "upper": [4.689872841511536, 3.798719882965088, 1.0], "lower": [-6.904529806912218, -4.846590042114258, 0.1], "min": [-6.904529806912218, -4.846590042114258, 0.1], "max": [4.689872841511536, 3.798719882965088, 1.0]}