{"scale": 0.05, "center": [4.344130158424377, -4.15902054252055, 0.0], "upper": [11.08413028717041, 1.1427985182008822, 1.0], "lower": [-3.3958699703216553, -9.460839603241983, 0.1], "min": [-3.3958699703216553, -9.460839603241983, 0.1], "max": [11.08413028717041, 1.1427985182008826, 1.0]}