{"scale": 0.05, "center": [0.5050702095031738, -0.6497550010681152, 0.0], "upper": [4.678880214691162, 4.938350200653076, 1.0], "lower": [-4.6687397956848145, -6.237860202789307, 0.1], "min": [-4.6687397956848145, -6.237860202789307, 0.1], "max": [4.678880214691162, 4.938350200653076, 1.0]}