{"scale": 0.05, "center": [9.739149673559995, -0.20769000053405762, 0.0], "upper": [15.564889907836914, 3.5323100090026855, 1.0], "lower": [3.9134094392830754, -3.947690010070801, 0.1], "min": [3.9134094392830754, -3.947690010070801, 0.1], "max": [15.564889907836914, 3.5323100090026855, 1.0]}