{"scale": 0.05, "center": [5.709225093245141, -7.1596151457152715, 0.0], "upper": [16.33255035662578, 2.871000051498413, 1.0], "lower": [-5.914100170135498, -17.190230342928956, 0.1], "min": [-5.914100170135498, -17.190230342928956, 0.1], "max": [16.33255035662578, 2.871000051498413, 1.0]}