{"scale": 0.05, "center": [6.174579977989197, -6.735330501804128, 0.0], "upper": [14.774580001831055, 3.231339931488037, 1.0], "lower": [-3.425420045852661, -16.702000935096294, 0.1], "min": [-3.425420045852661, -16.702000935096294, 0.1], "max": [14.774580001831055, 3.231339931488037, 1.0]}