{"scale": 0.05, "center": [4.207560544967663, -7.782700968255516, 0.0], "upper": [11.974465633600564, 1.142798518200883, 1.0], "lower": [-4.5593445436652384, -16.708200454711914, 0.1], "min": [-4.559344543665239, -16.708200454711914, 0.1], "max": [11.974465633600564, 1.1427985182008826, 1.0]}