{"scale": 0.05, "center": [-10.105129957199097, 3.5072497725486755, 0.0], "upper": [-6.872129917144775, 12.695249557495117, 1.0], "lower": [-13.338129997253418, 0.3192499876022339, 0.3], "min": [-13.338129997253418, 0.3192499876022339, 0.3], "max": [-6.872129917144775, 12.695249557495117, 1.0]}