{"scale": 0.05, "center": [3.295849913221293, -2.705545855035301, 0.0], "upper": [5.798949825488911, 1.1427985182008822, 1.0], "lower": [-0.20724999904632568, -6.553890228271484, 0.1], "min": [-0.20724999904632568, -6.553890228271484, 0.1], "max": [5.798949825488911, 1.1427985182008826, 1.0]}