{"scale": 0.05, "center": [-2.293134315588803, -4.878870129585266, 0.0], "upper": [4.239081176561651, 2.591130018234253, 1.0], "lower": [-9.825349807739258, -12.348870277404785, 0.1], "min": [-9.825349807739258, -12.348870277404785, 0.1], "max": [4.239081176561652, 2.591130018234253, 1.0]}