{"scale": 0.05, "center": [0.6140405100795321, -0.4465000629425049, 0.0], "upper": [4.239081176561651, 2.631999969482422, 1.0], "lower": [-4.011000156402588, -3.5250000953674316, 0.1], "min": [-4.011000156402588, -3.5250000953674316, 0.1], "max": [4.239081176561652, 2.631999969482422, 1.0]}