{"scale": 0.05, "center": [-4.640310177812353, 9.195080161094666, 0.0], "upper": [0.0065100002102553844, 10.871350288391113, 1.0], "lower": [-9.287130355834961, -2.4811899662017822, 0.5], "min": [-9.287130355834961, -2.4811899662017822, 0.5], "max": [0.0065100002102553844, 10.871350288391113, 1.0]}