{"scale": 0.05, "center": [2.7861790850738606, 0.28738004830665886, 0.0], "upper": [8.110380172729492, 5.596379994996823, 1.0], "lower": [-3.538022002581771, -5.021619898383506, 0.1], "min": [-3.5380220025817706, -5.021619898383506, 0.1], "max": [8.110380172729492, 5.596379994996823, 1.0]}