{"scale": 0.05, "center": [1.6174399539415873, -2.138849973678589, 0.0], "upper": [4.7869399860503865, 3.3511500358581543, 1.0], "lower": [-2.5520600781672123, -7.628849983215332, 0.1], "min": [-2.552060078167212, -7.628849983215332, 0.1], "max": [4.7869399860503865, 3.3511500358581543, 1.0]}