{"scale": 0.05, "center": [0.7655456227275423, -0.489229679107666, 0.0], "upper": [4.239081176561652, 7.02577018737793, 1.0], "lower": [-3.7079899311065674, -8.004229545593262, 0.1], "min": [-3.7079899311065674, -8.004229545593262, 0.1], "max": [4.239081176561652, 7.02577018737793, 1.0]}