{"scale": 0.05, "center": [5.755689859390259, -1.452929973602295, 0.0], "upper": [9.09568977355957, 2.0870699882507324, 1.0], "lower": [-3.5843100547790527, -4.992929935455322, 0.1], "min": [-3.5843100547790527, -4.992929935455322, 0.1], "max": [9.09568977355957, 2.0870699882507324, 1.0]}