{"scale": 0.05, "center": [0.9815499782562256, 0.3390177982525908, 0.0], "upper": [5.313159942626953, 5.253185609475153, 1.0], "lower": [-4.350059986114502, -4.575150012969971, 0.1], "min": [-4.350059986114502, -4.575150012969971, 0.1], "max": [5.313159942626953, 5.253185609475152, 1.0]}