{"scale": 0.05, "center": [0.1702747344970703, -0.20080018043518066, 0.0], "upper": [7.564519882202148, 5.892459869384766, 1.0], "lower": [-8.223970413208008, -6.294060230255127, 0.1], "min": [-8.223970413208008, -6.294060230255127, 0.1], "max": [7.564519882202148, 5.892459869384766, 1.0]}