{"scale": 0.05, "center": [9.695000171661377, -6.0589998960494995, 0.0], "upper": [21.885000228881836, 2.180999994277954, 1.0], "lower": [-3.494999885559082, -14.298999786376953, 0.1], "min": [-3.494999885559082, -14.298999786376953, 0.1], "max": [21.885000228881836, 2.180999994277954, 1.0]}