{"scale": 0.05, "center": [0.5016851425170898, 0.0, 0.0], "upper": [7.348020076751709, 2.738610029220581, 1.0], "lower": [-7.344649791717529, -2.738610029220581, 0.1], "min": [-7.344649791717529, -2.738610029220581, 0.1], "max": [7.348020076751709, 2.738610029220581, 1.0]}