{"scale": 0.05, "center": [-0.44124947366985756, -1.7141534791481128, 0.0], "upper": [4.239081176561651, 4.661550045013428, 1.0], "lower": [-6.121580123901367, -8.089857003309653, 0.1], "min": [-6.121580123901367, -8.089857003309653, 0.1], "max": [4.239081176561652, 4.661550045013428, 1.0]}