{"scale": 0.05, "center": [1.3604564305178926, -2.3037819735700835, 0.0], "upper": [7.146340213453406, 5.631958395318931, 1.0], "lower": [-6.4911201411038775, -5.443513139991318, 0.1], "min": [-6.4911201411038775, -5.443513139991318, 0.1], "max": [7.146340213453407, 5.631958395318931, 1.0]}