{"scale": 0.05, "center": [-1.8838392334965177, -1.5972849130630493, 0.0], "upper": [4.239081176561651, 3.5416600704193115, 1.0], "lower": [-9.006759643554688, -6.73622989654541, 0.1], "min": [-9.006759643554688, -6.73622989654541, 0.1], "max": [4.239081176561652, 3.5416600704193115, 1.0]}