{"scale": 0.05, "center": [1.2445323870297038, -0.3517327217983368, 0.0], "upper": [4.028500002594207, 7.228500105590797, 1.0], "lower": [-4.117249742388628, -7.22649995681784, 0.1], "min": [-4.117249742388628, -7.22649995681784, 0.1], "max": [4.028500002594207, 7.228500105590797, 1.0]}