{"scale": 0.05, "center": [0.39068342313194115, -0.15707570848925556, 0.0], "upper": [2.8873805148594585, 5.506719903671183, 1.0], "lower": [-2.955608085389814, -6.511830538584224, 0.1], "min": [-2.955608085389814, -6.511830538584224, 0.1], "max": [2.8873805148594585, 5.506719903671182, 1.0]}