{"scale": 0.05, "center": [0.5, 0.0005733189605874323, 0.0], "upper": [5.204999923706055, 5.76114686680301, 1.0], "lower": [-5.204999923706055, -5.760000228881836, 0.1], "min": [-5.204999923706055, -5.760000228881836, 0.1], "max": [5.204999923706055, 5.761146866803011, 1.0]}