{"scale": 0.05, "center": [-5.670429809668393, 2.589260492862419, 0.0], "upper": [4.239081176561651, 10.330570220947266, 1.0], "lower": [-16.579940795898438, -5.152049235222428, 0.1], "min": [-16.579940795898438, -5.152049235222427, 0.1], "max": [4.239081176561652, 10.330570220947266, 1.0]}