{"scale": 0.05, "center": [2.0165449380874634, 0.04799485206604004, 0.0], "upper": [4.8545098304748535, 7.3927998542785645, 1.0], "lower": [-1.8214199542999268, -7.296810150146484, 0.1], "min": [-1.8214199542999268, -7.296810150146484, 0.1], "max": [4.8545098304748535, 7.3927998542785645, 1.0]}