{"scale": 0.05, "center": [0.5593998432159424, -1.5139548786092054, 0.0], "upper": [6.807859897613525, 5.354489801802586, 1.0], "lower": [-6.689060211181641, -8.382399559020996, 0.1], "min": [-6.689060211181641, -8.382399559020996, 0.1], "max": [6.807859897613525, 5.354489801802585, 1.0]}