{"scale": 0.05, "center": [-0.7137999534606934, -2.6243200302124023, 0.0], "upper": [5.578680038452148, 2.4556798934936523, 1.0], "lower": [-8.006279945373535, -7.704319953918457, 0.1], "min": [-8.006279945373535, -7.704319953918457, 0.1], "max": [5.578680038452148, 2.4556798934936523, 1.0]}