{"scale": 0.05, "center": [-0.513349397757382, 0.790783745421316, 0.0], "upper": [2.775771001564177, 6.269377434995464, 1.0], "lower": [-5.2046531542019645, -4.626684040587861, 0.1], "min": [-5.2046531542019645, -4.626684040587861, 0.1], "max": [2.775771001564177, 6.269377434995464, 1.0]}