{"scale": 0.05, "center": [0.8461799621582031, 0.0, 0.0], "upper": [6.0962300300598145, 5.5, 1.0], "lower": [-5.403870105743408, -5.5, 0.1], "min": [-5.403870105743408, -5.5, 0.1], "max": [6.0962300300598145, 5.5, 1.0]}