{"scale": 0.05, "center": [22.542066417308465, 4.268073064813237, 0.0], "upper": [25.381839752197266, 7.427559852600098, 2.0], "lower": [-9.34136962890625, -15.074959754943848, 1.0], "min": [-9.34136962890625, -15.074959754943848, 1.0], "max": [25.381839752197266, 7.427559852600098, 2.0]}