{"scale": 0.05, "center": [3.4609999656677246, -2.9675002098083496, 0.0], "upper": [14.159000396728516, 3.48799991607666, 1.0], "lower": [-8.237000465393066, -9.42300033569336, 0.1], "min": [-8.237000465393066, -9.42300033569336, 0.1], "max": [14.159000396728516, 3.48799991607666, 1.0]}