{"scale": 0.05, "center": [0.5970405501338534, 0.0, 0.0], "upper": [4.239081176561651, 6.849999904632568, 1.0], "lower": [-4.045000076293945, -6.849999904632568, 0.1], "min": [-4.045000076293945, -6.849999904632568, 0.1], "max": [4.239081176561652, 6.849999904632568, 1.0]}