{"scale": 0.05, "center": [-3.1224742966679044, 3.596745014190674, 0.0], "upper": [4.239081176561651, 8.184700012207031, 1.0], "lower": [-11.484029769897461, -0.9912099838256836, 0.1], "min": [-11.484029769897461, -0.9912099838256836, 0.1], "max": [4.239081176561652, 8.184700012207031, 1.0]}