{"scale": 0.05, "center": [5.044000148773193, -4.2630659809198805, 0.0], "upper": [12.784000396728516, 2.2659422372827507, 1.0], "lower": [-3.696000099182129, -10.792074199122512, 0.1], "min": [-3.696000099182129, -10.792074199122512, 0.1], "max": [12.784000396728516, 2.2659422372827507, 1.0]}