{"scale": 0.05, "center": [1.2081605357142977, 0.04282019335401177, 0.0], "upper": [4.239081176561652, 5.240050272114518, 1.0], "lower": [-2.8227601051330566, -5.154409885406494, 0.1], "min": [-2.8227601051330566, -5.154409885406494, 0.1], "max": [4.239081176561652, 5.240050272114518, 1.0]}