{"scale": 0.05, "center": [11.600714309790463, -14.66736100650443, 0.0], "upper": [18.28801918029785, 1.142798518200884, 1.0], "lower": [3.9134094392830754, -30.477520531209745, 0.1], "min": [3.9134094392830754, -30.477520531209745, 0.1], "max": [18.28801918029785, 1.1427985182008826, 1.0]}