{"scale": 0.05, "center": [1.5843399977425783, -3.8795801401138306, 0.0], "upper": [8.746339797973633, 3.860419988632202, 1.0], "lower": [-6.577659802488476, -11.619580268859863, 0.1], "min": [-6.577659802488476, -11.619580268859863, 0.1], "max": [8.746339797973633, 3.860419988632202, 1.0]}