{"scale": 0.05, "center": [0.39504064740863365, -4.101499915122986, 0.0], "upper": [4.239081176561651, 3.127000093460083, 1.0], "lower": [-4.448999881744385, -11.329999923706055, 0.1], "min": [-4.448999881744385, -11.329999923706055, 0.1], "max": [4.239081176561652, 3.127000093460083, 1.0]}