{"scale": 0.05, "center": [-1.1471794682529874, -5.602700663079735, 0.0], "upper": [4.239081176561651, 1.1427985182008822, 1.0], "lower": [-7.533440113067627, -12.348199844360352, 0.1], "min": [-7.533440113067627, -12.348199844360352, 0.1], "max": [4.239081176561652, 1.1427985182008826, 1.0]}