{"scale": 0.05, "center": [-0.49836347080763077, -0.6188870000093303, 0.0], "upper": [4.295000076293945, 3.1068999767303467, 1.0], "lower": [-3.384999990463257, -9.932566815427883, 0.1], "min": [-3.384999990463257, -9.932566815427883, 0.1], "max": [4.295000076293945, 3.1068999767303467, 1.0]}