{"scale": 0.05, "center": [0.0, 0.6008653468756111, 0.0], "upper": [5.426500265525965, 6.301730598383791, 1.0], "lower": [-5.562547078334758, -4.924200116495434, 0.1], "min": [-5.562547078334758, -4.924200116495434, 0.1], "max": [5.426500265525964, 6.301730598383791, 1.0]}