{"scale": 0.05, "center": [0.6300405425044588, -0.016969386568423506, 0.0], "upper": [4.239081176561651, 5.508061043757685, 1.0], "lower": [-3.979000091552734, -5.541999816894531, 0.1], "min": [-3.9790000915527344, -5.541999816894531, 0.1], "max": [4.239081176561652, 5.508061043757684, 1.0]}