{"scale": 0.05, "center": [-0.10299499817605451, -2.4590200185775757, 0.0], "upper": [5.658689975738525, 2.4534900188446045, 1.0], "lower": [-6.864679972090634, -7.371530055999756, 0.1], "min": [-6.864679972090634, -7.371530055999756, 0.1], "max": [5.658689975738525, 2.4534900188446045, 1.0]}