{"scale": 0.05, "center": [-0.0214998722076416, 0.09094500541687012, 0.0], "upper": [6.243500232696533, 5.435949802398682, 1.0], "lower": [-7.286499977111816, -5.254059791564941, 0.1], "min": [-7.286499977111816, -5.254059791564941, 0.1], "max": [6.243500232696533, 5.435949802398682, 1.0]}