{"scale": 0.05, "center": [1.0557755393001131, -0.18587994575500488, 0.0], "upper": [4.239081176561652, 3.5541200637817383, 1.0], "lower": [-3.127530097961426, -3.925879955291748, 0.1], "min": [-3.127530097961426, -3.925879955291748, 0.1], "max": [4.239081176561652, 3.5541200637817383, 1.0]}