{"scale": 0.05, "center": [0.5, 0.0, 0.0], "upper": [7.1579999923706055, 3.7699999809265137, 1.0], "lower": [-7.1579999923706055, -3.7699999809265137, 0.1], "min": [-7.1579999923706055, -3.7699999809265137, 0.1], "max": [7.1579999923706055, 3.7699999809265137, 1.0]}