{"scale": 0.05, "center": [-2.36575984954834, -7.806420755853172, 0.0], "upper": [4.436240196228027, 1.142798518200883, 1.0], "lower": [-10.167759895324707, -16.755640029907227, 0.1], "min": [-10.167759895324707, -16.755640029907227, 0.1], "max": [4.436240196228027, 1.1427985182008826, 1.0]}