{"scale": 0.05, "center": [-0.03892938785608058, -3.0352592491617587, 0.0], "upper": [4.239081176561651, 2.371799945831299, 1.0], "lower": [-5.316939952273813, -8.442318444154816, 0.1], "min": [-5.316939952273813, -8.442318444154816, 0.1], "max": [4.239081176561652, 2.371799945831299, 1.0]}