{"scale": 0.05, "center": [1.4424998760223389, 0.029999971389770508, 0.0], "upper": [7.574999809265137, 6.789999961853027, 1.0], "lower": [-5.690000057220459, -6.730000019073486, 0.1], "min": [-5.690000057220459, -6.730000019073486, 0.1], "max": [7.574999809265137, 6.789999961853027, 1.0]}