{"scale": 0.05, "center": [-0.4837251177930808, -1.109654589381719, 0.0], "upper": [6.045810019950807, 7.094839801292313, 1.0], "lower": [-8.022319929441437, -7.0626198450749555, 0.1], "min": [-8.022319929441437, -7.0626198450749555, 0.1], "max": [6.045810019950808, 7.094839801292312, 1.0]}