{"scale": 0.05, "center": [0.49900007247924805, 0.1041762482349271, 0.0], "upper": [7.085999965667725, 4.318030088823065, 1.0], "lower": [-7.0879998207092285, -4.109677592353211, 0.1], "min": [-7.0879998207092285, -4.1096775923532105, 0.1], "max": [7.085999965667725, 4.318030088823065, 1.0]}