{"scale": 0.05, "center": [1.008570045453613, 0.9146650974552981, 0.0], "upper": [6.536068973836607, 3.712840943387506, 1.0], "lower": [-6.518928882929381, -3.883510748476909, 0.1], "min": [-6.518928882929381, -3.8835107484769096, 0.1], "max": [6.536068973836607, 3.712840943387506, 1.0]}