{"scale": 0.05, "center": [-3.6819359290457054, -2.295847659256303, 0.0], "upper": [5.268575884572112, 5.2189726475429286, 1.0], "lower": [-8.482400274230008, -4.978723492137325, 0.1], "min": [-8.482400274230008, -4.978723492137325, 0.1], "max": [5.268575884572112, 5.218972647542928, 1.0]}