{"scale": 0.05, "center": [-0.05344462509267345, -0.08780053133485799, 0.0], "upper": [7.678382243022692, 4.152505425466321, 1.0], "lower": [-7.785271493208039, -4.328106488136038, 0.1], "min": [-7.785271493208039, -4.328106488136037, 0.1], "max": [7.678382243022692, 4.152505425466321, 1.0]}