{"scale": 0.05, "center": [0.49787714460536225, 0.0002498626708984375, 0.0], "upper": [6.887499809265137, 5.570499897003174, 1.0], "lower": [-6.891745520054412, -5.570000171661377, 0.1], "min": [-6.891745520054412, -5.570000171661377, 0.1], "max": [6.887499809265137, 5.570499897003174, 1.0]}