{"scale": 0.05, "center": [0.28568005561828613, -0.0737301463975184, 0.0], "upper": [5.253586261793096, 5.076969055706605, 1.0], "lower": [-4.805941730180852, -5.2244293485016415, 0.1], "min": [-4.805941730180852, -5.2244293485016415, 0.1], "max": [5.253586261793095, 5.076969055706605, 1.0]}