{"scale": 0.05, "center": [-0.9330256504510155, 0.5621291635165901, 0.0], "upper": [4.5442501879588235, 3.8862199783325195, 1.0], "lower": [-6.104249954223633, -1.1557799577713013, 0.1], "min": [-6.104249954223633, -1.1557799577713013, 0.1], "max": [4.5442501879588235, 3.8862199783325195, 1.0]}