{"scale": 0.05, "center": [0.5631446838378906, 0.12785005569458008, 0.0], "upper": [9.435839653015137, 5.60984992980957, 1.0], "lower": [-9.309550285339355, -5.35414981842041, 0.1], "min": [-9.309550285339355, -5.35414981842041, 0.1], "max": [9.435839653015137, 5.60984992980957, 1.0]}