{"scale": 0.05, "center": [1.517165184020996, -1.2922701011290147, 0.0], "upper": [11.230730056762695, 5.708130047680935, 1.0], "lower": [-9.196399688720703, -8.292670249938965, 0.1], "min": [-9.196399688720703, -8.292670249938965, 0.1], "max": [11.230730056762695, 5.708130047680935, 1.0]}