{"scale": 0.05, "center": [0.21275997161865234, -1.7975599765777588, 0.0], "upper": [4.912759780883789, 4.452439785003662, 1.0], "lower": [-5.487239837646484, -8.04755973815918, 0.1], "min": [-5.487239837646484, -8.04755973815918, 0.1], "max": [4.912759780883789, 4.452439785003662, 1.0]}