{"scale": 0.05, "center": [0.5250697135925293, -0.00022983551025390625, 0.0], "upper": [9.010089874267578, 6.122280120849609, 1.0], "lower": [-8.95995044708252, -6.122739791870117, 0.1], "min": [-8.95995044708252, -6.122739791870117, 0.1], "max": [9.010089874267578, 6.122280120849609, 1.0]}