{"scale": 0.05, "center": [0.5, -0.4502502176765115, 0.0], "upper": [6.735000133514404, 5.96999979019165, 1.0], "lower": [-6.735000133514404, -6.870500225544674, 0.1], "min": [-6.735000133514404, -6.870500225544673, 0.1], "max": [6.735000133514404, 5.96999979019165, 1.0]}