{"scale": 0.05, "center": [-3.7610276940209184, 5.488532699944546, 0.0], "upper": [-1.9473053822659283, 8.93610018665106, 1.0], "lower": [-15.377440812951281, 2.2332083076427662, 0.1], "min": [-15.37744081295128, 2.2332083076427667, 0.1], "max": [-1.9473053822659279, 8.93610018665106, 1.0]}