{"scale": 0.05, "center": [6.232339859008789, -3.7731997966766357, 0.0], "upper": [19.427339553833008, 4.501800060272217, 1.0], "lower": [-7.96265983581543, -12.048199653625488, 0.1], "min": [-7.96265983581543, -12.048199653625488, 0.1], "max": [19.427339553833008, 4.501800060272217, 1.0]}