{"scale": 0.05, "center": [3.066846648320534, -4.100215634249693, 0.0], "upper": [18.212180052245714, 11.42803765503389, 1.0], "lower": [-13.078486755604644, -19.628468923533276, 0.1], "min": [-13.078486755604645, -19.628468923533276, 0.1], "max": [18.212180052245714, 11.42803765503389, 1.0]}