{"scale": 0.05, "center": [1.9087270112230876, -1.5243650078773499, 0.0], "upper": [4.239081176561652, 1.5618499517440796, 1.0], "lower": [-1.4216271541154768, -4.610579967498779, 0.1], "min": [-1.4216271541154766, -4.610579967498779, 0.1], "max": [4.239081176561652, 1.5618499517440796, 1.0]}