{"scale": 0.05, "center": [0.760260598084598, 1.9261500835418701, 0.0], "upper": [4.239081176561652, 6.166150093078613, 1.0], "lower": [-3.718559980392456, -2.313849925994873, 0.1], "min": [-3.718559980392456, -2.313849925994873, 0.1], "max": [4.239081176561652, 6.166150093078613, 1.0]}