{"scale": 0.05, "center": [0.5003178054213597, -0.00046349381752586183, 0.0], "upper": [5.672372120626952, 5.743000030517578, 1.0], "lower": [-5.671736509784233, -5.743927018152629, 0.1], "min": [-5.671736509784233, -5.74392701815263, 0.1], "max": [5.672372120626952, 5.743000030517578, 1.0]}