{"scale": 0.05, "center": [0.8202950177364983, -0.48037510260926153, 0.0], "upper": [7.42298015311826, 3.7366799286010566, 1.0], "lower": [-6.782390117645264, -4.69743013381958, 0.1], "min": [-6.782390117645264, -4.69743013381958, 0.1], "max": [7.42298015311826, 3.736679928601057, 1.0]}