{"scale": 0.05, "center": [3.2012449502944946, -7.690290091297324, 0.0], "upper": [9.94124984741211, 3.3717100620269775, 1.0], "lower": [-3.53875994682312, -18.752290244621626, 0.1], "min": [-3.53875994682312, -18.752290244621626, 0.1], "max": [9.94124984741211, 3.3717100620269775, 1.0]}