{"scale": 0.05, "center": [0.5669999122619629, -0.15426239171120493, 0.0], "upper": [5.11299991607666, 5.282475296686233, 1.0], "lower": [-4.979000091552734, -5.591000080108643, 0.1], "min": [-4.979000091552734, -5.591000080108643, 0.1], "max": [5.11299991607666, 5.282475296686233, 1.0]}