{"scale": 0.05, "center": [0.6330101490020752, -0.14028367665495312, 0.0], "upper": [5.688010215759277, 5.602234565654314, 1.0], "lower": [-5.421989917755127, -5.882801918964219, 0.1], "min": [-5.421989917755127, -5.88280191896422, 0.1], "max": [5.688010215759277, 5.602234565654314, 1.0]}