{"scale": 0.05, "center": [0.6300405425044588, -0.06218771341359597, 0.0], "upper": [4.239081176561651, 5.506999969482422, 1.0], "lower": [-3.979000091552734, -5.631375396309615, 0.1], "min": [-3.9790000915527344, -5.631375396309614, 0.1], "max": [4.239081176561652, 5.506999969482422, 1.0]}