{"scale": 0.05, "center": [0.47096998561659387, 0.3659000374201793, 0.0], "upper": [7.841469905162631, 4.301400180126003, 1.0], "lower": [-7.899529933929443, -3.5696001052856445, 0.1], "min": [-7.899529933929443, -3.5696001052856445, 0.1], "max": [7.841469905162631, 4.301400180126003, 1.0]}