{"scale": 0.05, "center": [0.49755587349977803, 0.21799993515014648, 0.0], "upper": [4.909999847412109, 5.730999946594238, 1.0], "lower": [-4.914888100412554, -5.295000076293945, 0.1], "min": [-4.914888100412553, -5.295000076293945, 0.1], "max": [4.909999847412109, 5.730999946594238, 1.0]}