{"scale": 0.05, "center": [0.4983517990376658, 0.48409008979797363, 0.0], "upper": [7.129223796897353, 6.349470138549805, 1.0], "lower": [-7.1325201988220215, -5.381289958953857, 0.1], "min": [-7.1325201988220215, -5.381289958953857, 0.1], "max": [7.129223796897353, 6.349470138549805, 1.0]}