{"scale": 0.05, "center": [0.2820900192455156, -0.08588435396635763, 0.0], "upper": [6.682340145111084, 5.155485269751093, 1.0], "lower": [-7.118160106620053, -5.327253977683808, 0.1], "min": [-7.118160106620053, -5.327253977683808, 0.1], "max": [6.682340145111084, 5.155485269751093, 1.0]}