{"scale": 0.05, "center": [0.5016502352201324, 0.00074005126953125, 0.0], "upper": [6.396950525371906, 5.355740070343018, 1.0], "lower": [-6.393650054931641, -5.354259967803955, 0.1], "min": [-6.393650054931641, -5.354259967803955, 0.1], "max": [6.3969505253719054, 5.355740070343018, 1.0]}