{"scale": 0.05, "center": [0.4998600482940674, 0.002299602513913701, 0.0], "upper": [6.599860191345215, 4.963719001780756, 1.0], "lower": [-6.60014009475708, -4.95911979675293, 0.1], "min": [-6.60014009475708, -4.95911979675293, 0.1], "max": [6.599860191345215, 4.963719001780757, 1.0]}