{"scale": 0.05, "center": [0.914900349131557, -1.5671023601318073, 0.0], "upper": [4.098760009743273, -0.9509643191556894, 1.0], "lower": [-1.813352293454443, -9.247929873697373, 0.1], "min": [-1.8133522934544433, -9.247929873697373, 0.1], "max": [4.098760009743273, -0.9509643191556894, 1.0]}