{"scale": 0.05, "center": [8.07602103939314, -4.769492321207281, 0.0], "upper": [21.488489968236877, 12.746959704414849, 1.0], "lower": [-9.336447889450596, -18.28594434682941, 0.4], "min": [-9.336447889450596, -18.28594434682941, 0.4], "max": [21.488489968236877, 12.746959704414849, 1.0]}