{"scale": 0.05, "center": [1.049595610520511, 0.07252998968944602, 0.0], "upper": [4.239081176561652, 3.2697099809047714, 1.0], "lower": [-3.13988995552063, -3.124650001525879, 0.1], "min": [-3.13988995552063, -3.124650001525879, 0.1], "max": [4.239081176561652, 3.269709980904771, 1.0]}