{"scale": 0.05, "center": [0.6438698768615723, -0.42370251285360316, 0.0], "upper": [5.627439975738525, 5.872915199054756, 1.0], "lower": [-5.339700222015381, -6.720320224761963, 0.1], "min": [-5.339700222015381, -6.720320224761963, 0.1], "max": [5.627439975738525, 5.872915199054757, 1.0]}