{"scale": 0.05, "center": [4.13055944442749, -2.6519148349761963, 0.0], "upper": [17.67561912536621, 6.74206018447876, 1.0], "lower": [-10.41450023651123, -12.045889854431152, 0.1], "min": [-10.41450023651123, -12.045889854431152, 0.1], "max": [17.67561912536621, 6.74206018447876, 1.0]}