{"scale": 0.05, "center": [0.7854546152295221, 0.17771904008787676, 0.0], "upper": [5.390719144094298, 5.730340003967285, 1.0], "lower": [-4.819809913635254, -5.374901923791532, 0.1], "min": [-4.819809913635254, -5.374901923791532, 0.1], "max": [5.390719144094298, 5.730340003967285, 1.0]}