{"scale": 0.05, "center": [1.244230644127994, -0.6994799399492209, 0.0], "upper": [4.239081176561652, 4.041020150161373, 1.0], "lower": [-2.750619888305664, -5.4399800300598145, 0.1], "min": [-2.750619888305664, -5.4399800300598145, 0.1], "max": [4.239081176561652, 4.041020150161373, 1.0]}