{"scale": 0.05, "center": [-1.3738101499869315, 0.257000207901001, 0.0], "upper": [5.441500075297627, 9.721500448622702, 1.0], "lower": [-12.189120375271491, -5.2075000328207, 0.1], "min": [-12.189120375271491, -5.2075000328207, 0.1], "max": [5.441500075297628, 9.721500448622702, 1.0]}