{"scale": 0.05, "center": [8.328990136863936, 5.562710106372833, 0.0], "upper": [13.880410416284574, 10.4097096294476, 1.0], "lower": [2.578570674423675, 0.9114924490134158, 0.1], "min": [2.578570674423675, 0.911492449013416, 0.1], "max": [13.880410416284574, 10.4097096294476, 1.0]}