{"scale": 0.05, "center": [21.972535133361816, 2.493999897491955, 0.0], "upper": [25.721890566695947, 6.5363998586835805, 1.0], "lower": [17.223179700027686, -1.5484000636996704, 0.1], "min": [17.22317970002769, -1.5484000636996704, 0.1], "max": [25.721890566695947, 6.5363998586835805, 1.0]}