{"scale": 0.05, "center": [0.497718455640181, 0.09250020980834961, 0.0], "upper": [5.309999942779541, 6.40500020980835, 1.0], "lower": [-5.31456303149918, -6.21999979019165, 0.1], "min": [-5.314563031499179, -6.21999979019165, 0.1], "max": [5.309999942779541, 6.40500020980835, 1.0]}