{"scale": 0.05, "center": [0.6438698768615723, -0.4233083302470537, 0.0], "upper": [5.627439975738525, 5.873703564267856, 1.0], "lower": [-5.339700222015381, -6.720320224761963, 0.1], "min": [-5.339700222015381, -6.720320224761963, 0.1], "max": [5.627439975738525, 5.8737035642678554, 1.0]}