{"scale": 0.05, "center": [0.2634248733520508, 0.6590449810028076, 0.0], "upper": [6.984139919281006, 4.600669860839844, 1.0], "lower": [-7.457290172576904, -3.2825798988342285, 0.1], "min": [-7.457290172576904, -3.2825798988342285, 0.1], "max": [6.984139919281006, 4.600669860839844, 1.0]}