{"scale": 0.05, "center": [-0.21772003173828125, -0.1332900027628059, 0.0], "upper": [4.845779895782471, 3.2097099820384756, 1.0], "lower": [-6.281219959259033, -3.476289987564087, 0.1], "min": [-6.281219959259033, -3.476289987564087, 0.1], "max": [4.845779895782471, 3.209709982038475, 1.0]}