{"scale": 0.05, "center": [0.4283449649810791, 1.0520799160003662, 0.0], "upper": [6.249159812927246, 8.34827995300293, 1.0], "lower": [-6.392469882965088, -6.244120121002197, 0.1], "min": [-6.392469882965088, -6.244120121002197, 0.1], "max": [6.249159812927246, 8.34827995300293, 1.0]}