{"scale": 0.05, "center": [0.05304063977923912, -2.8658099230960934, 0.0], "upper": [4.239081176561651, 3.2266899989917874, 1.0], "lower": [-5.132999897003174, -8.958309845183974, 0.1], "min": [-5.132999897003174, -8.958309845183974, 0.1], "max": [4.239081176561652, 3.226689998991787, 1.0]}