{"scale": 0.05, "center": [1.2081605357142977, 0.042190222608651684, 0.0], "upper": [4.239081176561652, 5.238790330623797, 1.0], "lower": [-2.8227601051330566, -5.154409885406494, 0.1], "min": [-2.8227601051330566, -5.154409885406494, 0.1], "max": [4.239081176561652, 5.2387903306237975, 1.0]}