{"scale": 0.05, "center": [4.701999902725219, -4.462000012397766, 0.0], "upper": [12.004407266013219, 2.4179999828338623, 1.0], "lower": [-3.6004074605627814, -11.342000007629395, 0.1], "min": [-3.6004074605627814, -11.342000007629395, 0.1], "max": [12.004407266013219, 2.4179999828338623, 1.0]}