{"scale": 0.05, "center": [0.07249999046325684, -0.20328132966802803, 0.0], "upper": [7.541747343631696, 5.743280216546556, 1.0], "lower": [-7.320646618660993, -6.421562525821652, 0.1], "min": [-7.320646618660993, -6.421562525821652, 0.1], "max": [7.5417473436316955, 5.743280216546556, 1.0]}