{"scale": 0.05, "center": [5.197000026702881, 2.7654998302459717, 0.0], "upper": [6.617000102996826, 12.663999557495117, 1.0], "lower": [-4.2230000495910645, -7.132999897003174, 0.5], "min": [-4.2230000495910645, -7.132999897003174, 0.5], "max": [6.617000102996826, 12.663999557495117, 1.0]}