{"scale": 0.05, "center": [1.0960256871725116, -1.3107473522314004, 0.0], "upper": [4.239081176561652, 5.527510166168213, 1.0], "lower": [-3.5571699142456055, -4.554180145263672, 0.1], "min": [-3.5571699142456055, -4.554180145263672, 0.1], "max": [4.239081176561652, 5.527510166168213, 1.0]}