{"scale": 0.05, "center": [1.046449899673462, -0.8199599981307983, 0.0], "upper": [4.973949909210205, 2.808540105819702, 1.0], "lower": [-2.8810501098632812, -4.448460102081299, 0.1], "min": [-2.8810501098632812, -4.448460102081299, 0.1], "max": [4.973949909210205, 2.808540105819702, 1.0]}