{"scale": 0.05, "center": [1.9544880244052916, -2.9433778547446603, 0.0], "upper": [7.379366289049894, 4.490234052634817, 1.0], "lower": [-4.470390240239311, -10.376989762124138, 0.1], "min": [-4.470390240239311, -10.376989762124138, 0.1], "max": [7.379366289049894, 4.4902340526348175, 1.0]}