{"scale": 0.05, "center": [0.7951300144195557, -3.1569950580596924, 0.0], "upper": [4.66756010055542, 2.638309955596924, 1.0], "lower": [-4.077300071716309, -8.952300071716309, 0.1], "min": [-4.077300071716309, -8.952300071716309, 0.1], "max": [4.66756010055542, 2.638309955596924, 1.0]}