{"scale": 0.05, "center": [1.3491599559783936, 0.6353301394782136, 0.0], "upper": [6.297729969024658, 6.697810173034668, 1.0], "lower": [-4.599410057067871, -5.427149894078241, 0.1], "min": [-4.599410057067871, -5.427149894078241, 0.1], "max": [6.297729969024658, 6.697810173034668, 1.0]}