{"scale": 0.05, "center": [6.227879054722386, 5.779449865221977, 0.0], "upper": [11.39975394728895, 11.124449729919434, 1.0], "lower": [0.05600416215582271, 0.4344500005245209, 0.1], "min": [0.056004162155821824, 0.4344500005245209, 0.1], "max": [11.39975394728895, 11.124449729919434, 1.0]}