{"scale": 0.05, "center": [-0.04361530270338987, -0.7726070740013129, 0.0], "upper": [6.296800041134784, 5.681405301848047, 1.0], "lower": [-6.295854361526009, -5.6812404421786535, 0.1], "min": [-6.295854361526009, -5.681240442178653, 0.1], "max": [6.296800041134784, 5.681405301848047, 1.0]}