{"scale": 0.05, "center": [-0.0010352134704589844, 5.5838398933410645, 0.0], "upper": [8.027029991149902, 6.506869792938232, 1.0], "lower": [-8.02910041809082, -5.3391900062561035, 0.1], "min": [-8.02910041809082, -5.3391900062561035, 0.1], "max": [8.027029991149902, 6.506869792938232, 1.0]}