{"scale": 0.05, "center": [1.4036430925368157, 0.01126571040518387, 0.0], "upper": [6.7279511804364205, 5.88700008392334, 1.0], "lower": [-4.920664995362788, -5.864468663112973, 0.1], "min": [-4.920664995362789, -5.864468663112972, 0.1], "max": [6.7279511804364205, 5.88700008392334, 1.0]}