{"scale": 0.05, "center": [0.39704293358733267, -0.38167209892365306, 0.0], "upper": [6.118510775703685, 4.075787154964424, 1.0], "lower": [-9.56774970613474, -4.268890133853951, 0.1], "min": [-9.56774970613474, -4.268890133853951, 0.1], "max": [6.118510775703686, 4.075787154964423, 1.0]}