{"scale": 0.05, "center": [1.0020406407329134, 1.7149999141693115, 0.0], "upper": [4.239081176561652, 5.954999923706055, 1.0], "lower": [-3.234999895095825, -2.5250000953674316, 0.1], "min": [-3.234999895095825, -2.5250000953674316, 0.1], "max": [4.239081176561652, 5.954999923706055, 1.0]}