{"scale": 0.05, "center": [-0.0970301628112793, -2.084229978378744, 0.0], "upper": [15.763360023498535, 8.502320225127278, 1.0], "lower": [-16.957420349121094, -12.670780181884766, 0.1], "min": [-16.957420349121094, -12.670780181884766, 0.1], "max": [15.763360023498535, 8.502320225127278, 1.0]}