{"scale": 0.05, "center": [0.4054708549032835, -0.30749658468734786, 0.0], "upper": [4.362940294859231, 6.558129787445068, 1.0], "lower": [-4.551998585052664, -7.173122956819764, 0.1], "min": [-4.551998585052664, -7.173122956819764, 0.1], "max": [4.362940294859231, 6.558129787445068, 1.0]}