{"scale": 0.05, "center": [0.3705154818507723, 0.2038109408155968, 0.0], "upper": [4.239081176561651, 4.0961198806762695, 1.0], "lower": [-4.498050212860107, -3.688497999045076, 0.1], "min": [-4.498050212860107, -3.688497999045076, 0.1], "max": [4.239081176561652, 4.0961198806762695, 1.0]}