{"scale": 0.05, "center": [0.19000005722045898, -0.6144917416116731, 0.0], "upper": [5.03000020980835, 5.690999984741211, 1.0], "lower": [-5.650000095367432, -6.919983467964556, 0.1], "min": [-5.650000095367432, -6.919983467964557, 0.1], "max": [5.03000020980835, 5.690999984741211, 1.0]}