{"scale": 0.05, "center": [0.40555593710271864, 1.8774784434632108, 0.0], "upper": [4.568451828581658, 7.234326363390182, 1.0], "lower": [-4.757339954376221, -3.47936947646376, 0.1], "min": [-4.757339954376221, -3.4793694764637606, 0.1], "max": [4.568451828581658, 7.234326363390182, 1.0]}