{"scale": 0.05, "center": [2.803615684370592, -1.2199910925230508, 0.0], "upper": [7.673480061628819, 3.9399399757385254, 1.0], "lower": [-7.138690957167171, -6.702549934387207, 0.1], "min": [-7.138690957167171, -6.702549934387207, 0.1], "max": [7.673480061628819, 3.9399399757385254, 1.0]}