{"scale": 0.05, "center": [6.869307775900454, -2.3545577228311574, 0.0], "upper": [10.436883770846162, 3.0428000622192037, 1.0], "lower": [-1.7677193910513154, -12.351312136907655, 0.1], "min": [-1.767719391051315, -12.351312136907655, 0.1], "max": [10.436883770846162, 3.0428000622192037, 1.0]}