{"scale": 0.05, "center": [-4.880315065383911, -2.0157556533813477, 0.0], "upper": [6.078420162200928, 22.69133949279785, 2.0], "lower": [-15.83905029296875, -16.722850799560547, 1.0], "min": [-15.83905029296875, -16.722850799560547, 1.0], "max": [6.078420162200928, 22.69133949279785, 2.0]}