{"scale": 0.05, "center": [-0.004024982452392578, -0.03179986247727662, 0.0], "upper": [5.256158727868423, 4.954029678269881, 1.0], "lower": [-5.2643861342179745, -5.198599953836389, 0.1], "min": [-5.2643861342179745, -5.198599953836389, 0.1], "max": [5.256158727868423, 4.954029678269881, 1.0]}