{"scale": 0.05, "center": [1.819469994093934, -0.25952982902526855, 0.0], "upper": [5.432469975523073, 4.230470180511475, 1.0], "lower": [-2.793529987335205, -4.749529838562012, 0.1], "min": [-2.793529987335205, -4.749529838562012, 0.1], "max": [5.432469975523073, 4.230470180511475, 1.0]}