{"scale": 0.05, "center": [4.65723979473114, 2.893280203410541, 0.0], "upper": [11.397239685058594, 10.394530296325684, 1.0], "lower": [-3.0827600955963135, -4.607969889504602, 0.1], "min": [-3.0827600955963135, -4.607969889504601, 0.1], "max": [11.397239685058594, 10.394530296325684, 1.0]}