{"scale": 0.05, "center": [0.8699309630232538, 0.7021891211801794, 0.0], "upper": [8.808009915403586, 3.2391800880432133, 1.0], "lower": [-3.0179901123046875, -6.100284695676859, 0.1], "min": [-3.0179901123046875, -6.100284695676858, 0.1], "max": [8.808009915403586, 3.239180088043213, 1.0]}