{"scale": 0.05, "center": [0.4775000549678139, 0.0004998184565829789, 0.0], "upper": [5.758000083232748, 6.010999865795002, 1.0], "lower": [-5.802999973297119, -6.010000228881836, 0.1], "min": [-5.802999973297119, -6.010000228881836, 0.1], "max": [5.758000083232747, 6.010999865795002, 1.0]}