{"scale": 0.05, "center": [2.231925070285797, 1.0527499914169312, 0.0], "upper": [4.566780090332031, 4.652750015258789, 1.0], "lower": [-1.102929949760437, -2.5472500324249268, 0.1], "min": [-1.102929949760437, -2.5472500324249268, 0.1], "max": [4.566780090332031, 4.652750015258789, 1.0]}