{"scale": 0.05, "center": [-1.8431945878055997, 2.0258500576019287, 0.0], "upper": [4.239081176561651, 7.390850067138672, 1.0], "lower": [-8.925470352172852, -3.3391499519348145, 0.1], "min": [-8.925470352172852, -3.3391499519348145, 0.1], "max": [4.239081176561652, 7.390850067138672, 1.0]}