{"scale": 0.05, "center": [1.698165592021553, -1.364098194555527, 0.0], "upper": [4.239081176561652, 2.371999979019165, 1.0], "lower": [-1.842749992518546, -5.100196368130219, 0.1], "min": [-1.842749992518546, -5.100196368130219, 0.1], "max": [4.239081176561652, 2.371999979019165, 1.0]}