{"scale": 0.05, "center": [5.3067816848849665, -5.707500135431232, 0.0], "upper": [13.7595632782172, 4.247000217437744, 1.0], "lower": [-4.1459999084472665, -15.662000488300208, 0.1], "min": [-4.145999908447266, -15.662000488300208, 0.1], "max": [13.759563278217199, 4.247000217437744, 1.0]}