{"scale": 0.05, "center": [2.565000057220459, -4.652000069618225, 0.0], "upper": [8.305000305175781, 3.0880000591278076, 1.0], "lower": [-4.175000190734863, -12.392000198364258, 0.1], "min": [-4.175000190734863, -12.392000198364258, 0.1], "max": [8.305000305175781, 3.0880000591278076, 1.0]}