{"scale": 0.05, "center": [2.227499890566934, 3.0193570973933674, 0.0], "upper": [4.432999766351916, 5.706289768218994, 1.0], "lower": [-0.9779999852180481, 0.33242442656774074, 0.1], "min": [-0.9779999852180481, 0.3324244265677407, 0.1], "max": [4.432999766351916, 5.706289768218994, 1.0]}