{"scale": 0.05, "center": [0.1733554762813143, -0.9280800819396973, 0.0], "upper": [4.239081176561651, 2.7211599349975586, 1.0], "lower": [-4.892370223999023, -4.577320098876953, 0.1], "min": [-4.892370223999023, -4.577320098876953, 0.1], "max": [4.239081176561652, 2.7211599349975586, 1.0]}