{"scale": 0.05, "center": [8.683500349987298, -7.205100965966698, 0.0], "upper": [21.160000921227038, 1.142798518200883, 1.0], "lower": [-4.793000221252441, -15.553000450134277, 0.1], "min": [-4.793000221252441, -15.553000450134277, 0.1], "max": [21.160000921227038, 1.1427985182008826, 1.0]}