{"scale": 0.05, "center": [-0.9564898014068604, 0.4456000328063965, 0.0], "upper": [5.536509990692139, 6.240099906921387, 1.0], "lower": [-8.44948959350586, -5.348899841308594, 0.1], "min": [-8.44948959350586, -5.348899841308594, 0.1], "max": [5.536509990692139, 6.240099906921387, 1.0]}