{"scale": 0.05, "center": [9.600744724273682, -8.84820032119751, 0.0], "upper": [30.10733985900879, 3.851799964904785, 1.0], "lower": [-11.905850410461426, -21.548200607299805, 0.1], "min": [-11.905850410461426, -21.548200607299805, 0.1], "max": [30.10733985900879, 3.851799964904785, 1.0]}