{"scale": 0.05, "center": [-0.501500129699707, -3.9944751262664795, 0.0], "upper": [6.631999969482422, 5.1680498123168945, 1.0], "lower": [-7.635000228881836, -5.1570000648498535, 0.1], "min": [-7.635000228881836, -5.1570000648498535, 0.1], "max": [6.631999969482422, 5.1680498123168945, 1.0]}