{"scale": 0.05, "center": [0.787975083211577, 0.014384580728847851, 0.0], "upper": [4.9736199378967285, 6.360569145435967, 1.0], "lower": [-4.3976697714735735, -6.3317999839782715, 0.1], "min": [-4.397669771473574, -6.3317999839782715, 0.1], "max": [4.9736199378967285, 6.360569145435967, 1.0]}