{"scale": 0.05, "center": [0.05500006675720215, 2.4420000314712524, 0.0], "upper": [6.090000152587891, 7.072000026702881, 1.0], "lower": [-6.980000019073486, -2.187999963760376, 0.1], "min": [-6.980000019073486, -2.187999963760376, 0.1], "max": [6.090000152587891, 7.072000026702881, 1.0]}