{"scale": 0.05, "center": [1.0345405501338534, -1.9983999729156494, 0.0], "upper": [4.239081176561652, 2.5316200256347656, 1.0], "lower": [-3.1700000762939453, -6.5284199714660645, 0.1], "min": [-3.1700000762939453, -6.5284199714660645, 0.1], "max": [4.239081176561652, 2.5316200256347656, 1.0]}