{"scale": 0.05, "center": [12.458546776490504, 7.817142568121671, 0.0], "upper": [18.296679314342324, 14.434450278020792, 1.0], "lower": [7.118513920526365, 5.070717779591883, 0.1], "min": [7.1185139205263654, 5.070717779591884, 0.1], "max": [18.296679314342324, 14.434450278020792, 1.0]}