{"scale": 0.05, "center": [3.2956148982048035, -1.2483850717544556, 0.0], "upper": [7.4538397789001465, 3.652829885482788, 1.0], "lower": [-1.8626099824905396, -6.149600028991699, 0.1], "min": [-1.8626099824905396, -6.149600028991699, 0.1], "max": [7.4538397789001465, 3.652829885482788, 1.0]}