{"scale": 0.05, "center": [5.20550000667572, -9.840249681364623, 0.0], "upper": [12.854000091552734, 1.6629999876022339, 1.0], "lower": [-3.443000078201294, -21.34349935033148, 0.1], "min": [-3.443000078201294, -21.34349935033148, 0.1], "max": [12.854000091552734, 1.6629999876022339, 1.0]}