{"scale": 0.05, "center": [4.255450010299683, 5.724324536790367, 0.0], "upper": [6.225450038909912, 10.58053970336914, 1.0], "lower": [1.2854499816894531, 0.8681093702115934, 0.1], "min": [1.2854499816894531, 0.8681093702115927, 0.1], "max": [6.225450038909912, 10.58053970336914, 1.0]}