{"scale": 0.05, "center": [1.7619832554366877, 0.06407527264424262, 0.0], "upper": [6.021290205739206, 3.471250098491484, 1.0], "lower": [-5.2281583008477455, -3.9936511445079965, 0.1], "min": [-5.2281583008477455, -3.9936511445079965, 0.1], "max": [6.021290205739205, 3.471250098491484, 1.0]}