{"scale": 0.05, "center": [3.428690132666823, -4.922930002212524, 0.0], "upper": [9.441690320112698, 2.0870699882507324, 1.0], "lower": [-3.5843100547790527, -11.932929992675781, 0.1], "min": [-3.5843100547790527, -11.932929992675781, 0.1], "max": [9.441690320112698, 2.0870699882507324, 1.0]}