{"scale": 0.05, "center": [-0.17975996704821062, 0.03042006492614746, 0.0], "upper": [4.496990203857422, 4.420420169830322, 1.0], "lower": [-5.856510137953844, -4.359580039978027, 0.1], "min": [-5.856510137953843, -4.359580039978027, 0.1], "max": [4.496990203857422, 4.420420169830322, 1.0]}