{"scale": 0.05, "center": [5.654999852180481, -4.581999897956848, 0.0], "upper": [13.114999771118164, 3.378000020980835, 1.0], "lower": [-2.805000066757202, -12.541999816894531, 0.1], "min": [-2.805000066757202, -12.541999816894531, 0.1], "max": [13.114999771118164, 3.378000020980835, 1.0]}