{"scale": 0.05, "center": [-0.3945801258087158, -0.29972004890441895, 0.0], "upper": [4.253719806671143, 5.510280132293701, 1.0], "lower": [-6.042880058288574, -6.109720230102539, 0.1], "min": [-6.042880058288574, -6.109720230102539, 0.1], "max": [4.253719806671143, 5.510280132293701, 1.0]}