{"scale": 0.05, "center": [0.3845100402832031, 0.3693099021911621, 0.0], "upper": [6.60053014755249, 4.7291998863220215, 1.0], "lower": [-6.831510066986084, -3.9905800819396973, 0.1], "min": [-6.831510066986084, -3.9905800819396973, 0.1], "max": [6.60053014755249, 4.7291998863220215, 1.0]}