{"scale": 0.05, "center": [-1.3169388464211476, 1.0056355442791882, 0.0], "upper": [5.064798208537918, 4.822730044628091, 1.0], "lower": [-5.380795745732484, -4.979929957379605, 0.1], "min": [-5.380795745732484, -4.979929957379605, 0.1], "max": [5.064798208537918, 4.822730044628091, 1.0]}