{"scale": 0.05, "center": [7.473980218172073, -2.9340150356292725, 0.0], "upper": [12.953980445861816, 3.4807400703430176, 1.0], "lower": [0.9939799904823303, -9.348770141601562, 0.1], "min": [0.9939799904823303, -9.348770141601562, 0.1], "max": [12.953980445861816, 3.4807400703430176, 1.0]}