{"scale": 0.05, "center": [2.95861312283958, 1.2466649965540029, 0.0], "upper": [6.537990093231201, 6.519750118255615, 1.0], "lower": [-1.6207638475520412, -4.0264201251476095, 0.1], "min": [-1.6207638475520412, -4.0264201251476095, 0.1], "max": [6.537990093231201, 6.519750118255615, 1.0]}