{"scale": 0.05, "center": [0.5014997901773088, 0.00149977923882183, 0.0], "upper": [6.002999580354619, 5.502999558477644, 1.0], "lower": [-6.0, -5.5, 0.1], "min": [-6.0, -5.5, 0.1], "max": [6.002999580354618, 5.502999558477644, 1.0]}