{"scale": 0.05, "center": [-18.821326843656237, 4.206184052908966, 0.0], "upper": [-7.975249245239787, 13.360819868483542, 1.0], "lower": [-28.206249365248773, -0.7894990236097641, 0.1], "min": [-28.206249365248773, -0.7894990236097637, 0.1], "max": [-7.975249245239787, 13.360819868483542, 1.0]}