{"scale": 0.05, "center": [-0.33559513092041016, 0.02118992805480957, 0.0], "upper": [6.089409828186035, 6.026189804077148, 1.0], "lower": [-7.7606000900268555, -5.983809947967529, 0.1], "min": [-7.7606000900268555, -5.983809947967529, 0.1], "max": [6.089409828186035, 6.026189804077148, 1.0]}