{"scale": 0.05, "center": [-1.3526148796081543, -4.769455075263977, 0.0], "upper": [2.5488200187683105, 2.646929979324341, 1.0], "lower": [-5.254049777984619, -6.185840129852295, 0.3], "min": [-5.254049777984619, -6.185840129852295, 0.3], "max": [2.5488200187683105, 2.646929979324341, 1.0]}