{"scale": 0.05, "center": [0.7741749286651611, -0.041990041732788086, 0.0], "upper": [8.327509880065918, 3.1974899768829346, 1.0], "lower": [-7.779160022735596, -3.2814700603485107, 0.1], "min": [-7.779160022735596, -3.2814700603485107, 0.1], "max": [8.327509880065918, 3.1974899768829346, 1.0]}