{"scale": 0.05, "center": [0.500499963760376, -0.1641998384729959, 0.0], "upper": [5.258999824523926, 5.594600181910209, 1.0], "lower": [-5.257999897003174, -5.922999858856201, 0.1], "min": [-5.257999897003174, -5.922999858856201, 0.1], "max": [5.258999824523926, 5.594600181910209, 1.0]}