{"scale": 0.05, "center": [0.5429868267743005, -2.7103047547981873, 0.0], "upper": [5.170865877877216, 2.454373316759222, 1.0], "lower": [-2.086130036617189, -4.545190107335593, 0.1], "min": [-2.0861300366171887, -4.545190107335593, 0.1], "max": [5.170865877877216, 2.454373316759222, 1.0]}