{"scale": 0.05, "center": [-5.588327310135548, 1.5649449498015033, 0.0], "upper": [4.73514986038208, 4.936309814453125, 1.0], "lower": [-13.884949684143066, -4.426479816436768, 0.1], "min": [-13.884949684143066, -4.426479816436768, 0.1], "max": [4.73514986038208, 4.936309814453125, 1.0]}