{"scale": 0.05, "center": [-1.995534896850586, -2.151645014702808, 0.0], "upper": [9.924590110778809, 5.667600015760399, 1.0], "lower": [-14.91565990447998, -9.970890045166016, 0.1], "min": [-14.91565990447998, -9.970890045166016, 0.1], "max": [9.924590110778809, 5.667600015760399, 1.0]}