{"scale": 0.05, "center": [11.322760434162413, -4.0224997997283936, 0.0], "upper": [26.861000061035156, 4.927999973297119, 1.0], "lower": [-5.2154791927103314, -12.972999572753906, 0.1], "min": [-5.215479192710331, -12.972999572753906, 0.1], "max": [26.861000061035156, 4.927999973297119, 1.0]}