{"scale": 0.05, "center": [0.5618400573730469, -0.19431169554087435, 0.0], "upper": [5.121840000152588, 3.987486347753686, 1.0], "lower": [-4.998159885406494, -4.376109738835435, 0.1], "min": [-4.998159885406494, -4.376109738835435, 0.1], "max": [5.121840000152588, 3.9874863477536864, 1.0]}