{"scale": 0.05, "center": [0.4990889623576624, 0.0, 0.0], "upper": [8.715290069580078, 4.369999885559082, 1.0], "lower": [-8.717112144864753, -4.369999885559082, 0.1], "min": [-8.717112144864753, -4.369999885559082, 0.1], "max": [8.715290069580078, 4.369999885559082, 1.0]}