{"scale": 0.05, "center": [7.277000136355553, -3.0229075702033135, 0.0], "upper": [15.688000335653612, 7.724038471494708, 1.0], "lower": [-2.1340000629425058, -13.769853611901336, 0.1], "min": [-2.134000062942505, -13.769853611901336, 0.1], "max": [15.68800033565361, 7.724038471494709, 1.0]}