{"scale": 0.05, "center": [15.674474342444272, -3.3365256314177474, 0.0], "upper": [26.43553924560547, 1.1427985182008822, 1.0], "lower": [3.9134094392830754, -7.815849781036377, 0.1], "min": [3.9134094392830754, -7.815849781036377, 0.1], "max": [26.43553924560547, 1.1427985182008826, 1.0]}