{"scale": 0.05, "center": [0.5022997689438866, 0.0, 0.0], "upper": [6.351599659958087, 6.445000171661377, 1.0], "lower": [-6.3470001220703125, -6.445000171661377, 0.1], "min": [-6.3470001220703125, -6.445000171661377, 0.1], "max": [6.351599659958086, 6.445000171661377, 1.0]}