{"scale": 0.05, "center": [1.5609949827194214, -1.9680800556646072, 0.0], "upper": [5.8707098960876465, 2.2624700069427495, 1.0], "lower": [-3.7487199306488037, -6.198630118271964, 0.1], "min": [-3.7487199306488037, -6.198630118271963, 0.1], "max": [5.8707098960876465, 2.262470006942749, 1.0]}