{"scale": 0.05, "center": [0.7859061825495193, -0.0006467610338574126, 0.0], "upper": [6.666812155290689, 6.070684913757486, 1.0], "lower": [-6.09499979019165, -6.071978435825201, 0.1], "min": [-6.09499979019165, -6.0719784358252005, 0.1], "max": [6.666812155290689, 6.070684913757486, 1.0]}