{"scale": 0.05, "center": [-1.7794748858794835, -0.0025000572204589844, 0.0], "upper": [4.686050113800114, 5.831999778747559, 1.0], "lower": [-9.244999885559082, -5.836999893188477, 0.1], "min": [-9.244999885559082, -5.836999893188477, 0.1], "max": [4.686050113800115, 5.831999778747559, 1.0]}