{"scale": 0.05, "center": [4.277000188827515, 11.45900011062622, 0.0], "upper": [14.517000198364258, 16.98200035095215, 1.0], "lower": [-5.9629998207092285, -4.064000129699707, 0.5], "min": [-5.9629998207092285, -4.064000129699707, 0.5], "max": [14.517000198364258, 16.98200035095215, 1.0]}