{"scale": 0.05, "center": [0.49946355869539305, 0.0, 0.0], "upper": [5.470927239461098, 5.000999927520752, 1.0], "lower": [-5.4720001220703125, -5.000999927520752, 0.1], "min": [-5.4720001220703125, -5.000999927520752, 0.1], "max": [5.470927239461099, 5.000999927520752, 1.0]}