{"scale": 0.05, "center": [0.9824005827374358, -1.0746351372353153, 0.0], "upper": [4.239081176561652, 2.4551899433135986, 1.0], "lower": [-3.2742800110867805, -4.604460217784229, 0.1], "min": [-3.2742800110867805, -4.604460217784229, 0.1], "max": [4.239081176561652, 2.4551899433135986, 1.0]}