{"scale": 0.05, "center": [0.49978637710176255, 0.0, 0.0], "upper": [7.332499980926514, 4.923999786376953, 1.0], "lower": [-7.332927226722989, -4.923999786376953, 0.1], "min": [-7.332927226722989, -4.923999786376953, 0.1], "max": [7.332499980926514, 4.923999786376953, 1.0]}