{"scale": 0.05, "center": [0.4512150287628174, 0.01294483587780304, 0.0], "upper": [5.5010199546813965, 6.696339882326896, 1.0], "lower": [-5.598589897155762, -6.670450210571289, 0.1], "min": [-5.598589897155762, -6.670450210571289, 0.1], "max": [5.5010199546813965, 6.696339882326895, 1.0]}