{"scale": 0.05, "center": [4.752999901771545, -8.75300019979477, 0.0], "upper": [11.942999839782715, 1.5870000123977661, 1.0], "lower": [-3.437000036239624, -19.093000411987305, 0.1], "min": [-3.437000036239624, -19.093000411987305, 0.1], "max": [11.942999839782715, 1.5870000123977661, 1.0]}