{"scale": 0.05, "center": [0.38042148752450533, 0.30615754703480125, 0.0], "upper": [4.775842841534606, 7.981490917421798, 1.0], "lower": [-3.8702797372955775, -7.369175823352196, 0.1], "min": [-3.870279737295578, -7.369175823352196, 0.1], "max": [4.775842841534606, 7.981490917421798, 1.0]}