{"scale": 0.05, "center": [-1.670395488543842, -1.130898625331855, 0.0], "upper": [6.827169895172119, 4.02524995803833, 1.0], "lower": [-6.511300086975098, -5.851359844207764, 0.1], "min": [-6.511300086975098, -5.851359844207764, 0.1], "max": [6.827169895172119, 4.02524995803833, 1.0]}