{"scale": 0.05, "center": [0.4206355270489004, 0.43209993839263916, 0.0], "upper": [4.239081176561652, 3.1120998859405518, 1.0], "lower": [-4.397810122463851, -2.2479000091552734, 0.1], "min": [-4.397810122463851, -2.2479000091552734, 0.1], "max": [4.239081176561652, 3.1120998859405518, 1.0]}