{"scale": 0.05, "center": [0.6500406426402621, 0.343749937884418, 0.0], "upper": [4.239081176561651, 4.5354999253599, 1.0], "lower": [-3.9389998912811275, -3.8480000495910645, 0.1], "min": [-3.938999891281128, -3.8480000495910645, 0.1], "max": [4.239081176561652, 4.5354999253599, 1.0]}