{"scale": 0.05, "center": [1.1019999980926514, -5.419000029563904, 0.0], "upper": [4.5920000076293945, 2.7209999561309814, 1.0], "lower": [-3.388000011444092, -13.559000015258789, 0.1], "min": [-3.388000011444092, -13.559000015258789, 0.1], "max": [4.5920000076293945, 2.7209999561309814, 1.0]}