{"scale": 0.05, "center": [-0.3224201202392578, 1.173799252924848, 0.0], "upper": [13.09784984588623, 13.651780128479004, 1.0], "lower": [-14.742690086364746, -11.304181622629308, 0.1], "min": [-14.742690086364746, -11.304181622629308, 0.1], "max": [13.09784984588623, 13.651780128479004, 1.0]}