{"scale": 0.05, "center": [-0.17754269215532137, -2.292773449835351, 0.0], "upper": [4.517099857330322, 4.08480978012085, 1.0], "lower": [-3.162899971008301, -8.959045706273827, 0.1], "min": [-3.162899971008301, -8.959045706273827, 0.1], "max": [4.517099857330322, 4.08480978012085, 1.0]}