{"scale": 0.05, "center": [-2.7858798503875732, -3.9723999602716216, 0.0], "upper": [4.678120136260986, 3.988850096241425, 1.0], "lower": [-11.249879837036133, -11.933650016784668, 0.1], "min": [-11.249879837036133, -11.933650016784668, 0.1], "max": [4.678120136260986, 3.9888500962414253, 1.0]}