{"scale": 0.05, "center": [0.5099048614501953, -0.011865019798278809, 0.0], "upper": [7.065939903259277, 3.7198500633239746, 1.0], "lower": [-7.046130180358887, -3.7435801029205322, 0.1], "min": [-7.046130180358887, -3.7435801029205322, 0.1], "max": [7.065939903259277, 3.7198500633239746, 1.0]}