{"scale": 0.05, "center": [1.261250507967639, 2.372826281635021, 0.0], "upper": [17.297000885009766, 10.460652715857933, 1.0], "lower": [-15.77449986907449, -5.715000152587891, 0.1], "min": [-15.774499869074488, -5.715000152587891, 0.1], "max": [17.297000885009766, 10.460652715857933, 1.0]}