{"scale": 0.05, "center": [1.775029772532696, -0.002397171525443831, 0.0], "upper": [10.44465373376954, 11.327063691288004, 1.0], "lower": [-7.894594188704149, -11.331858034338893, 0.1], "min": [-7.894594188704148, -11.331858034338891, 0.1], "max": [10.44465373376954, 11.327063691288004, 1.0]}