{"scale": 0.05, "center": [-0.30389137461009685, 1.0418125972577288, 0.0], "upper": [5.962373229709836, 5.8651910237467515, 1.0], "lower": [-4.3888124408429405, -4.21590058531679, 0.1], "min": [-4.3888124408429405, -4.215900585316789, 0.1], "max": [5.9623732297098355, 5.8651910237467515, 1.0]}