{"scale": 0.05, "center": [-1.3896763683372417, -1.2990441488894544, 0.0], "upper": [3.7794999554403885, 4.1937933626994806, 1.0], "lower": [-3.829198766282931, -3.950294123259523, 0.1], "min": [-3.829198766282931, -3.950294123259523, 0.1], "max": [3.7794999554403885, 4.1937933626994806, 1.0]}