{"scale": 0.05, "center": [2.0190632876669343, 1.1847851276397705, 0.0], "upper": [7.358616458756721, 7.347660064697266, 1.0], "lower": [-3.320489883422852, -4.978089809417725, 0.1], "min": [-3.3204898834228516, -4.978089809417725, 0.1], "max": [7.35861645875672, 7.347660064697266, 1.0]}