{"scale": 0.05, "center": [0.5040626104761783, -0.0008590807437913739, 0.0], "upper": [5.45362511795553, 7.175000190734863, 1.0], "lower": [-5.445499897003174, -7.176718352222446, 0.1], "min": [-5.445499897003174, -7.176718352222446, 0.1], "max": [5.45362511795553, 7.175000190734863, 1.0]}