{"scale": 0.05, "center": [0.3140834341717542, 0.4474238837473554, 0.0], "upper": [5.400907603818627, 7.101519162786772, 1.0], "lower": [-5.772740735475118, -6.206671395292062, 0.1], "min": [-5.772740735475119, -6.206671395292061, 0.1], "max": [5.400907603818627, 7.101519162786772, 1.0]}