{"scale": 0.05, "center": [-10.98695908365521, 10.565250359578505, 0.0], "upper": [4.239081176561651, 20.957000732421875, 1.0], "lower": [-27.21299934387207, 0.17349998673513412, 0.1], "min": [-27.21299934387207, 0.17349998673513412, 0.1], "max": [4.239081176561652, 20.957000732421875, 1.0]}