{"scale": 0.05, "center": [-1.1310044365910001, 0.4211299419403076, 0.0], "upper": [4.239081176561651, 3.594630002975464, 1.0], "lower": [-6.501090049743652, -2.7523701190948486, 0.1], "min": [-6.501090049743652, -2.7523701190948486, 0.1], "max": [4.239081176561652, 3.594630002975464, 1.0]}