{"scale": 0.05, "center": [0.6189495475090392, 0.0, 0.0], "upper": [5.29789903779762, 5.885000228881836, 1.0], "lower": [-5.059999942779541, -5.885000228881836, 0.1], "min": [-5.059999942779541, -5.885000228881836, 0.1], "max": [5.297899037797619, 5.885000228881836, 1.0]}