{"scale": 0.05, "center": [1.63100004196167, -3.0089998841285706, 0.0], "upper": [6.103000164031982, 1.2610000371932983, 1.0], "lower": [-3.8410000801086426, -7.2789998054504395, 0.1], "min": [-3.8410000801086426, -7.2789998054504395, 0.1], "max": [6.103000164031982, 1.2610000371932983, 1.0]}