{"scale": 0.05, "center": [1.2954600156182288, -3.135794937610626, 0.0], "upper": [5.039120018647957, 1.279320064233616, 1.0], "lower": [-2.209066567528991, -7.5543598975121515, 0.1], "min": [-2.2090665675289913, -7.5543598975121515, 0.1], "max": [5.039120018647957, 1.279320064233616, 1.0]}