{"scale": 0.05, "center": [-1.048409326651425, -4.414879858493805, 0.0], "upper": [4.239081176561651, 1.790120005607605, 1.0], "lower": [-7.335899829864502, -10.619879722595215, 0.1], "min": [-7.335899829864502, -10.619879722595215, 0.1], "max": [4.239081176561652, 1.790120005607605, 1.0]}