{"scale": 0.05, "center": [2.601875066757202, 1.0315349896761488, 0.0], "upper": [7.235650062561035, 9.125809828442875, 1.0], "lower": [-3.031899929046631, -7.062739849090577, 0.1], "min": [-3.031899929046631, -7.062739849090576, 0.1], "max": [7.235650062561035, 9.125809828442874, 1.0]}