{"scale": 0.05, "center": [0.6971650123596191, -0.27912953806034047, 0.0], "upper": [4.454850196838379, 3.020020895955735, 1.0], "lower": [-4.060520172119141, -3.578279972076416, 0.1], "min": [-4.060520172119141, -3.578279972076416, 0.1], "max": [4.454850196838379, 3.020020895955735, 1.0]}