{"scale": 0.05, "center": [5.054000377655029, -0.6150000095367432, 0.0], "upper": [17.39647170724759, 5.367747998226045, 1.0], "lower": [-7.468499846721517, -7.320500083232746, 0.1], "min": [-7.4684998467215165, -7.320500083232747, 0.1], "max": [17.39647170724759, 5.367747998226045, 1.0]}