{"scale": 0.05, "center": [5.2373398914933205, -5.702700567712303, 0.0], "upper": [9.437339782714844, 1.1427985182008822, 1.0], "lower": [0.03734000027179718, -12.548199653625488, 0.1], "min": [0.03734000027179718, -12.548199653625488, 0.1], "max": [9.437339782714844, 1.1427985182008826, 1.0]}