{"scale": 0.05, "center": [0.5020747184753418, 0.17750000953674316, 0.0], "upper": [9.73289966583252, 4.670000076293945, 1.0], "lower": [-9.728750228881836, -4.315000057220459, 0.1], "min": [-9.728750228881836, -4.315000057220459, 0.1], "max": [9.73289966583252, 4.670000076293945, 1.0]}