{"scale": 0.05, "center": [2.77002975127494, -3.7707197666168213, 0.0], "upper": [8.38202953338623, 4.06928014755249, 1.0], "lower": [-3.8419700308363502, -11.610719680786133, 0.1], "min": [-3.84197003083635, -11.610719680786133, 0.1], "max": [8.38202953338623, 4.06928014755249, 1.0]}