{"scale": 0.05, "center": [0.7944173252760027, -1.7775282631744473, 0.0], "upper": [3.295884636271211, 2.634709624392542, 1.0], "lower": [-4.009700019627623, -6.574290813011487, 0.1], "min": [-4.009700019627623, -6.574290813011487, 0.1], "max": [3.295884636271211, 2.634709624392542, 1.0]}