{"scale": 0.05, "center": [-0.8503024391080458, 0.09554078847819802, 0.0], "upper": [2.5448500560596576, 4.465950081157274, 1.0], "lower": [-5.24545493427575, -4.274868504200878, 0.1], "min": [-5.24545493427575, -4.274868504200878, 0.1], "max": [2.544850056059658, 4.465950081157274, 1.0]}