{"scale": 0.05, "center": [0.5295250415802002, 0.06065988540649414, 0.0], "upper": [7.174180030822754, 4.975029945373535, 1.0], "lower": [-7.1151299476623535, -4.853710174560547, 0.1], "min": [-7.1151299476623535, -4.853710174560547, 0.1], "max": [7.174180030822754, 4.975029945373535, 1.0]}