{"scale": 0.05, "center": [0.496845006942749, -0.37247481814644345, 0.0], "upper": [4.991089820861816, 5.906760397123861, 1.0], "lower": [-4.997399806976318, -6.651710033416748, 0.1], "min": [-4.997399806976318, -6.651710033416748, 0.1], "max": [4.991089820861816, 5.906760397123861, 1.0]}