{"scale": 0.05, "center": [2.6787138588440076, -2.3680463724276946, 0.0], "upper": [9.050000310875475, 3.169000120504025, 1.0], "lower": [-3.615009392618912, -10.072999925954464, 0.1], "min": [-3.6150093926189126, -10.072999925954464, 0.1], "max": [9.050000310875475, 3.1690001205040255, 1.0]}