{"scale": 0.05, "center": [1.427189985523, 1.184585036596931, 0.0], "upper": [6.803479988593608, 7.028230074567153, 1.0], "lower": [-4.949100017547607, -4.659060001373291, 0.1], "min": [-4.949100017547607, -4.659060001373291, 0.1], "max": [6.803479988593607, 7.028230074567153, 1.0]}