{"scale": 0.05, "center": [0.4367098808288574, 0.25616002082824707, 0.0], "upper": [5.456709861755371, 7.076159954071045, 1.0], "lower": [-5.583290100097656, -6.563839912414551, 0.1], "min": [-5.583290100097656, -6.563839912414551, 0.1], "max": [5.456709861755371, 7.076159954071045, 1.0]}