{"scale": 0.05, "center": [6.9679999351501465, -2.55400013923645, 0.0], "upper": [15.89799976348877, 5.165999889373779, 1.0], "lower": [-2.9619998931884766, -10.27400016784668, 0.1], "min": [-2.9619998931884766, -10.27400016784668, 0.1], "max": [15.89799976348877, 5.165999889373779, 1.0]}