{"scale": 0.05, "center": [-0.2311801615647302, -3.418390154838562, 0.0], "upper": [6.872860013784603, 1.6851799488067627, 1.0], "lower": [-8.335220336914062, -8.521960258483887, 0.1], "min": [-8.335220336914062, -8.521960258483887, 0.1], "max": [6.872860013784602, 1.6851799488067627, 1.0]}