{"scale": 0.05, "center": [0.5, 0.0, 0.0], "upper": [5.815000057220459, 6.150000095367432, 1.0], "lower": [-5.815000057220459, -6.150000095367432, 0.1], "min": [-5.815000057220459, -6.150000095367432, 0.1], "max": [5.815000057220459, 6.150000095367432, 1.0]}