{"scale": 0.05, "center": [0.801365104183787, -3.1302049006480948, 0.0], "upper": [6.447410040826071, 3.997280055016745, 1.0], "lower": [-5.844679832458496, -10.257689856312934, 0.1], "min": [-5.844679832458496, -10.257689856312934, 0.1], "max": [6.44741004082607, 3.997280055016745, 1.0]}