{"scale": 0.05, "center": [2.7546077358034013, -3.262195019635699, 0.0], "upper": [4.7381499206115025, 4.787500182299734, 1.0], "lower": [-5.2289344490047, -5.311890221571133, 0.1], "min": [-5.2289344490047, -5.311890221571133, 0.1], "max": [4.7381499206115025, 4.787500182299735, 1.0]}