{"scale": 0.05, "center": [-2.5169651021920583, -0.6504121224829276, 0.0], "upper": [5.671999929123558, 6.509000123827718, 1.0], "lower": [-5.734183946236016, -6.4109998643855555, 0.1], "min": [-5.734183946236016, -6.410999864385556, 0.1], "max": [5.671999929123558, 6.509000123827718, 1.0]}