{"scale": 0.05, "center": [0.45749998092651367, 0.05500006675720215, 0.0], "upper": [5.5, 4.675000190734863, 1.0], "lower": [-5.585000038146973, -4.565000057220459, 0.1], "min": [-5.585000038146973, -4.565000057220459, 0.1], "max": [5.5, 4.675000190734863, 1.0]}