{"scale": 0.05, "center": [2.76409856288383, 1.8741942474335862, 0.0], "upper": [7.290604710834444, 27.242290845848853, 1.0], "lower": [-4.9356524572497875, -11.154090047813948, 0.1], "min": [-4.9356524572497875, -11.15409004781395, 0.1], "max": [7.290604710834444, 27.242290845848853, 1.0]}