{"scale": 0.05, "center": [0.5, 0.1002089198745959, 0.0], "upper": [7.385000228881836, 6.275417649014329, 1.0], "lower": [-7.385000228881836, -6.074999809265137, 0.1], "min": [-7.385000228881836, -6.074999809265137, 0.1], "max": [7.385000228881836, 6.2754176490143285, 1.0]}