{"scale": 0.05, "center": [5.0321616198802275, -8.683500349521637, 0.0], "upper": [13.738323026137408, 1.8539999723434448, 1.0], "lower": [-4.673999786376953, -19.22100067138672, 0.1], "min": [-4.673999786376953, -19.22100067138672, 0.1], "max": [13.738323026137408, 1.8539999723434448, 1.0]}