{"scale": 0.05, "center": [0.9823448657989502, 0.4794800281524658, 0.0], "upper": [5.834799766540527, 6.251979827880859, 1.0], "lower": [-4.870110034942627, -5.293019771575928, 0.1], "min": [-4.870110034942627, -5.293019771575928, 0.1], "max": [5.834799766540527, 6.251979827880859, 1.0]}