{"scale": 0.05, "center": [0.5, 0.0005002021789550781, 0.0], "upper": [5.295000076293945, 6.570000171661377, 1.0], "lower": [-5.295000076293945, -6.568999767303467, 0.1], "min": [-5.295000076293945, -6.568999767303467, 0.1], "max": [5.295000076293945, 6.570000171661377, 1.0]}