{"scale": 0.05, "center": [2.1058105286966278, -2.002162379791269, 0.0], "upper": [6.960750131868333, 4.838000140036456, 1.0], "lower": [-6.749129074475078, -4.842324899618994, 0.1], "min": [-6.749129074475078, -4.842324899618994, 0.1], "max": [6.960750131868333, 4.838000140036456, 1.0]}