{"scale": 0.05, "center": [0.125, 0.29409003257751465, 0.0], "upper": [5.375, 6.519999980926514, 1.0], "lower": [-6.125, -5.931819915771484, 0.1], "min": [-6.125, -5.931819915771484, 0.1], "max": [5.375, 6.519999980926514, 1.0]}