{"scale": 0.05, "center": [-0.0995444572299955, -3.229921874603321, 0.0], "upper": [1.765216781925498, 3.255045334365022, 1.0], "lower": [-3.7565000449706334, -5.994464218787458, 0.1], "min": [-3.7565000449706334, -5.994464218787458, 0.1], "max": [1.7652167819254978, 3.255045334365022, 1.0]}