{"scale": 0.05, "center": [-2.9398557829258785, 3.847148409090704, 0.0], "upper": [5.519793897295026, 12.229050348457049, 1.0], "lower": [-6.247577896631503, -0.050940003086831, 0.1], "min": [-6.247577896631504, -0.05094000308683144, 0.1], "max": [5.519793897295026, 12.229050348457049, 1.0]}