{"scale": 0.05, "center": [0.3164548873901367, -3.53705499807876, 0.0], "upper": [6.882959842681885, 3.0027199141208, 1.0], "lower": [-7.250050067901611, -10.07682991027832, 0.1], "min": [-7.250050067901611, -10.07682991027832, 0.1], "max": [6.882959842681885, 3.0027199141208003, 1.0]}