{"scale": 0.05, "center": [4.141504883766174, -2.3860599994659424, 0.0], "upper": [9.98367977142334, 2.6523399353027344, 1.0], "lower": [-2.700670003890991, -7.424459934234619, 0.1], "min": [-2.700670003890991, -7.424459934234619, 0.1], "max": [9.98367977142334, 2.6523399353027344, 1.0]}