{"scale": 0.05, "center": [0.4388549435945355, 0.048485020186470607, 0.0], "upper": [6.699279806775252, 4.201169926694963, 1.0], "lower": [-6.821569919586182, -4.1041998863220215, 0.1], "min": [-6.821569919586182, -4.1041998863220215, 0.1], "max": [6.699279806775253, 4.201169926694963, 1.0]}