{"scale": 0.05, "center": [-2.506010677408815, -11.201260208852823, 0.0], "upper": [3.5629710487507573, -6.949760014661126, 1.0], "lower": [-6.5749924035683875, -13.452760403044518, 0.1], "min": [-6.5749924035683875, -13.45276040304452, 0.1], "max": [3.5629710487507573, -6.949760014661127, 1.0]}