{"scale": 0.05, "center": [-0.5752593117741056, 0.7135200500488281, 0.0], "upper": [4.239081176561651, 5.773519992828369, 1.0], "lower": [-6.389599800109863, -4.346479892730713, 0.1], "min": [-6.389599800109863, -4.346479892730713, 0.1], "max": [4.239081176561652, 5.773519992828369, 1.0]}