{"scale": 0.05, "center": [0.5, -0.0002498626708984375, 0.0], "upper": [5.504000186920166, 6.272500038146973, 1.0], "lower": [-5.504000186920166, -6.2729997634887695, 0.1], "min": [-5.504000186920166, -6.2729997634887695, 0.1], "max": [5.504000186920166, 6.272500038146973, 1.0]}