{"scale": 0.05, "center": [0.6011356276485018, -0.42364501953125, 0.0], "upper": [2.9066936831100385, 5.506560149136931, 1.0], "lower": [-3.0358100706693705, -6.591850162180997, 0.1], "min": [-3.0358100706693705, -6.591850162180997, 0.1], "max": [2.9066936831100385, 5.506560149136931, 1.0]}