{"scale": 0.05, "center": [0.5017998195547673, 0.0004999637603759766, 0.0], "upper": [6.5035996391095345, 5.9029998779296875, 1.0], "lower": [-6.5, -5.9019999504089355, 0.1], "min": [-6.5, -5.9019999504089355, 0.1], "max": [6.5035996391095345, 5.9029998779296875, 1.0]}