{"scale": 0.05, "center": [1.0976077758842537, -0.7406229766492098, 0.0], "upper": [9.090130386780242, 6.096143141322026, 1.0], "lower": [-3.691837284924249, -5.511190872523002, 0.1], "min": [-3.6918372849242496, -5.511190872523002, 0.1], "max": [9.090130386780242, 6.096143141322026, 1.0]}