{"scale": 0.05, "center": [1.0468997955322266, 6.772470200812677, 0.0], "upper": [8.046899795532227, 18.189470291137695, 1.0], "lower": [-6.953100204467773, -4.6445298895123415, 0.1], "min": [-6.953100204467773, -4.644529889512342, 0.1], "max": [8.046899795532227, 18.189470291137695, 1.0]}