{"scale": 0.05, "center": [0.919489860534668, -0.4133298397064209, 0.0], "upper": [6.388579845428467, 7.147590160369873, 1.0], "lower": [-5.549600124359131, -7.974249839782715, 0.1], "min": [-5.549600124359131, -7.974249839782715, 0.1], "max": [6.388579845428467, 7.147590160369873, 1.0]}