{"scale": 0.05, "center": [0.5150349140167236, 0.03503247368955176, 0.0], "upper": [4.722139835357666, 5.825534746420852, 1.0], "lower": [-4.692070007324219, -5.755469799041748, 0.1], "min": [-4.692070007324219, -5.755469799041748, 0.1], "max": [4.722139835357666, 5.825534746420852, 1.0]}