{"scale": 0.05, "center": [0.5, 0.0, 0.0], "upper": [5.534999847412109, 5.072999954223633, 1.0], "lower": [-5.534999847412109, -5.072999954223633, 0.1], "min": [-5.534999847412109, -5.072999954223633, 0.1], "max": [5.534999847412109, 5.072999954223633, 1.0]}