{"scale": 0.05, "center": [0.49775004386901855, -0.0025000572204589844, 0.0], "upper": [6.120500087738037, 6.474999904632568, 1.0], "lower": [-6.125, -6.480000019073486, 0.1], "min": [-6.125, -6.480000019073486, 0.1], "max": [6.120500087738037, 6.474999904632568, 1.0]}