{"scale": 0.05, "center": [-0.12425973361762122, -0.34986220023849013, 0.0], "upper": [6.326470328449572, 6.191141531241408, 1.0], "lower": [-7.5749897956848145, -6.890865931718389, 0.1], "min": [-7.5749897956848145, -6.890865931718389, 0.1], "max": [6.326470328449572, 6.191141531241409, 1.0]}