{"scale": 0.05, "center": [-7.07014469402826, -1.339057224977454, 0.0], "upper": [4.5161999744180115, 4.6844006451993145, 1.0], "lower": [-19.65648936247453, -7.362515095154222, 0.1], "min": [-19.65648936247453, -7.362515095154222, 0.1], "max": [4.516199974418012, 4.6844006451993145, 1.0]}