{"scale": 0.05, "center": [0.5, 0.0, 0.0], "upper": [5.211999893188477, 6.795000076293945, 1.0], "lower": [-5.211999893188477, -6.795000076293945, 0.1], "min": [-5.211999893188477, -6.795000076293945, 0.1], "max": [5.211999893188477, 6.795000076293945, 1.0]}