{"scale": 0.05, "center": [-1.8396993714359708, -1.053109884262085, 0.0], "upper": [4.239081176561651, 4.79355001449585, 1.0], "lower": [-8.918479919433594, -6.8997697830200195, 0.1], "min": [-8.918479919433594, -6.8997697830200195, 0.1], "max": [4.239081176561652, 4.79355001449585, 1.0]}