{"scale": 0.05, "center": [0.4330381431113377, -2.2690998315811157, 0.0], "upper": [4.239081176561652, 3.6610000133514404, 1.0], "lower": [-4.373004890338977, -8.199199676513672, 0.1], "min": [-4.373004890338977, -8.199199676513672, 0.1], "max": [4.239081176561652, 3.6610000133514404, 1.0]}