{"scale": 0.05, "center": [-1.0770493584660001, -1.8863599300384521, 0.0], "upper": [4.239081176561651, 2.1386399269104004, 1.0], "lower": [-7.393179893493652, -5.911359786987305, 0.1], "min": [-7.393179893493652, -5.911359786987305, 0.1], "max": [4.239081176561652, 2.1386399269104004, 1.0]}