{"scale": 0.05, "center": [0.43922996520996094, -0.07067990303039551, 0.0], "upper": [4.700170040130615, 5.528450012207031, 1.0], "lower": [-4.821710109710693, -5.669809818267822, 0.1], "min": [-4.821710109710693, -5.669809818267822, 0.1], "max": [4.700170040130615, 5.528450012207031, 1.0]}