{"scale": 0.05, "center": [0.8265600204467773, -1.2402000089470917, 0.0], "upper": [5.186560153961182, 2.371799945831299, 1.0], "lower": [-4.533440113067627, -4.852199963725482, 0.1], "min": [-4.533440113067627, -4.852199963725482, 0.1], "max": [5.186560153961182, 2.371799945831299, 1.0]}