{"scale": 0.05, "center": [2.1489999294281006, -1.8659999370574951, 0.0], "upper": [7.138999938964844, 2.124000072479248, 1.0], "lower": [-3.8410000801086426, -5.855999946594238, 0.1], "min": [-3.8410000801086426, -5.855999946594238, 0.1], "max": [7.138999938964844, 2.124000072479248, 1.0]}