{"scale": 0.05, "center": [-0.9037287910194214, -2.3396092839927807, 0.0], "upper": [4.51174001279287, 2.571415542873368, 1.0], "lower": [-4.333260192180589, -8.2957399043662, 0.1], "min": [-4.333260192180589, -8.2957399043662, 0.1], "max": [4.51174001279287, 2.5714155428733685, 1.0]}