{"scale": 0.05, "center": [2.5992987902344957, 7.9413849055021934, 0.0], "upper": [8.241370008519077, 15.014660440792793, 1.0], "lower": [-4.042772428050085, 0.8681093702115934, 0.1], "min": [-4.042772428050085, 0.8681093702115927, 0.1], "max": [8.241370008519077, 15.014660440792793, 1.0]}