{"scale": 0.05, "center": [2.4340999126434326, 3.38612000644207, 0.0], "upper": [9.294159889221191, 6.390110015869141, 1.0], "lower": [-5.425960063934326, 0.3821299970149994, 0.1], "min": [-5.425960063934326, 0.3821299970149994, 0.1], "max": [9.294159889221191, 6.390110015869141, 1.0]}