{"scale": 0.05, "center": [1.6067800521850586, 0.8084502220153809, 0.0], "upper": [7.739950180053711, 7.172920227050781, 1.0], "lower": [-5.526390075683594, -5.5560197830200195, 0.1], "min": [-5.526390075683594, -5.5560197830200195, 0.1], "max": [7.739950180053711, 7.172920227050781, 1.0]}