{"scale": 0.05, "center": [-4.800324543097348, -3.586235952844139, 0.0], "upper": [4.239081176561651, 1.1427985182008822, 1.0], "lower": [-14.839730262756348, -8.31527042388916, 0.1], "min": [-14.839730262756348, -8.31527042388916, 0.1], "max": [4.239081176561652, 1.1427985182008826, 1.0]}