{"scale": 0.05, "center": [0.5109675286538895, 2.926827276005813, 0.0], "upper": [6.1797300062069835, 14.516940279208143, 1.0], "lower": [-5.361552028914422, -3.1438900033860158, 0.1], "min": [-5.361552028914422, -3.1438900033860158, 0.1], "max": [6.1797300062069835, 14.516940279208143, 1.0]}