{"scale": 0.05, "center": [0.33493995666503906, 0.15280689802195457, 0.0], "upper": [4.634940147399902, 5.193903866405705, 1.0], "lower": [-4.965060234069824, -4.888290070361796, 0.1], "min": [-4.965060234069824, -4.888290070361796, 0.1], "max": [4.634940147399902, 5.193903866405705, 1.0]}