{"scale": 0.05, "center": [0.5, -0.0005583987956421232, 0.0], "upper": [5.23799991607666, 4.982999801635742, 1.0], "lower": [-5.23799991607666, -4.9841165992270255, 0.1], "min": [-5.23799991607666, -4.984116599227026, 0.1], "max": [5.23799991607666, 4.982999801635742, 1.0]}