{"scale": 0.05, "center": [0.5, 0.0, 0.0], "upper": [6.699999809265137, 5.690000057220459, 1.0], "lower": [-6.699999809265137, -5.690000057220459, 0.1], "min": [-6.699999809265137, -5.690000057220459, 0.1], "max": [6.699999809265137, 5.690000057220459, 1.0]}