{"scale": 0.05, "center": [7.853204846382141, -6.436000227928162, 0.0], "upper": [9.473409652709961, 1.7139999866485596, 1.0], "lower": [-1.7669999599456787, -14.586000442504883, 0.5], "min": [-1.7669999599456787, -14.586000442504883, 0.5], "max": [9.473409652709961, 1.7139999866485596, 1.0]}