{"scale": 0.05, "center": [3.645851793634793, -2.343455291504893, 0.0], "upper": [7.271569856398045, 3.957266319408577, 1.0], "lower": [-4.830473718558903, -7.665990520129119, 0.1], "min": [-4.830473718558903, -7.665990520129118, 0.1], "max": [7.271569856398044, 3.9572663194085766, 1.0]}