{"scale": 0.05, "center": [4.81318998336792, -2.342461988177094, 0.0], "upper": [9.748189926147461, 3.959270300894463, 1.0], "lower": [-1.121809959411621, -8.644194277248651, 0.1], "min": [-1.121809959411621, -8.644194277248651, 0.1], "max": [9.748189926147461, 3.959270300894463, 1.0]}