{"scale": 0.05, "center": [-0.24960365947484076, -2.737625308036703, 0.0], "upper": [3.686800048769216, 6.585111039166806, 1.0], "lower": [-3.2791256854724242, -6.455500178541774, 0.1], "min": [-3.2791256854724247, -6.455500178541774, 0.1], "max": [3.686800048769216, 6.585111039166805, 1.0]}