{"scale": 0.05, "center": [-7.715019806006284, -9.103365374078269, 0.0], "upper": [-6.520813484227823, -7.708559666610697, 1.0], "lower": [-19.543310479138924, -19.173529924242757, 0.1], "min": [-19.543310479138924, -19.173529924242757, 0.1], "max": [-6.520813484227824, -7.708559666610697, 1.0]}