{"scale": 0.05, "center": [0.07000002861022947, -3.6199999809265138, 0.0], "upper": [5.985000133514404, 4.635000228881836, 1.0], "lower": [-5.045000076293945, -13.675000190734863, 0.5], "min": [-5.045000076293945, -13.675000190734863, 0.5], "max": [5.985000133514404, 4.635000228881836, 1.0]}