{"scale": 0.05, "center": [0.9135905665370516, -1.2771340153497688, 0.0], "upper": [4.239081176561652, 4.118638905572304, 1.0], "lower": [-3.411900043487549, -6.672906936271842, 0.1], "min": [-3.411900043487549, -6.672906936271842, 0.1], "max": [4.239081176561652, 4.118638905572304, 1.0]}