{"scale": 0.05, "center": [-3.436000072956085, 1.3680900573730468, 0.0], "upper": [1.0839999914169312, 8.718090057373047, 1.0], "lower": [-7.156000137329102, -7.781909942626953, 0.5], "min": [-7.156000137329102, -7.781909942626953, 0.5], "max": [1.0839999914169312, 8.718090057373047, 1.0]}