{"scale": 0.05, "center": [6.95424115805897, -7.417186323388847, 0.0], "upper": [12.575480461120605, 1.1427985182008822, 1.0], "lower": [3.9134094392830754, -13.256759643554688, 0.1], "min": [3.9134094392830754, -13.256759643554688, 0.1], "max": [12.575480461120605, 1.1427985182008826, 1.0]}