{"scale": 0.05, "center": [1.0701651573181152, 0.8565698979708074, 0.0], "upper": [6.649330139160156, 7.855139994305873, 1.0], "lower": [-5.508999824523926, -6.142000198364258, 0.1], "min": [-5.508999824523926, -6.142000198364258, 0.1], "max": [6.649330139160156, 7.855139994305873, 1.0]}