{"scale": 0.05, "center": [-1.0149998664855957, 0.192000150680542, 0.0], "upper": [5.010000228881836, 5.892000198364258, 1.0], "lower": [-8.039999961853027, -5.507999897003174, 0.1], "min": [-8.039999961853027, -5.507999897003174, 0.1], "max": [5.010000228881836, 5.892000198364258, 1.0]}