{"scale": 0.05, "center": [0.5, 2.375544786453247, 0.0], "upper": [5.655900001525879, 8.64009952545166, 1.0], "lower": [-5.655900001525879, -3.889009952545166, 0.1], "min": [-5.655900001525879, -3.889009952545166, 0.1], "max": [5.655900001525879, 8.64009952545166, 1.0]}