{"scale": 0.05, "center": [-1.4472599029541016, 5.053730070590973, 0.0], "upper": [3.376739978790283, 10.683730125427246, 1.0], "lower": [-6.271259784698486, -0.5762699842453003, 0.1], "min": [-6.271259784698486, -0.5762699842453003, 0.1], "max": [3.376739978790283, 10.683730125427246, 1.0]}