{"scale": 0.05, "center": [0.2862548828125, 0.1770000457763672, 0.0], "upper": [4.949999809265137, 6.263999938964844, 1.0], "lower": [-5.377490043640137, -5.909999847412109, 0.1], "min": [-5.377490043640137, -5.909999847412109, 0.1], "max": [4.949999809265137, 6.263999938964844, 1.0]}