{"scale": 0.05, "center": [-0.5879894333866544, 2.2127599716186523, 0.0], "upper": [4.239081176561651, 9.297760009765625, 1.0], "lower": [-6.415060043334961, -4.87224006652832, 0.1], "min": [-6.415060043334961, -4.87224006652832, 0.1], "max": [4.239081176561652, 9.297760009765625, 1.0]}