{"scale": 0.05, "center": [4.497999906539917, -6.060999631881714, 0.0], "upper": [14.371007937475325, 4.186389490835751, 1.0], "lower": [-5.518719884508753, -16.525199322104775, 0.1], "min": [-5.518719884508754, -16.525199322104775, 0.1], "max": [14.371007937475325, 4.186389490835752, 1.0]}