{"scale": 0.05, "center": [1.514059990451237, -1.6384799480438232, 0.0], "upper": [5.890810012817383, 2.531519889831543, 1.0], "lower": [-3.8626900319149087, -5.8084797859191895, 0.1], "min": [-3.8626900319149087, -5.8084797859191895, 0.1], "max": [5.890810012817383, 2.531519889831543, 1.0]}