{"scale": 0.05, "center": [6.737310096621513, 5.86589977145195, 0.0], "upper": [12.881810188293457, 12.043899536132812, 1.0], "lower": [-0.4071899950504303, -0.31209999322891235, 0.1], "min": [-0.4071899950504303, -0.31209999322891235, 0.1], "max": [12.881810188293457, 12.043899536132812, 1.0]}