{"scale": 0.05, "center": [0.37086009979248047, -0.40348005294799805, 0.0], "upper": [5.7458600997924805, 4.920539855957031, 1.0], "lower": [-6.0041399002075195, -6.727499961853027, 0.1], "min": [-6.0041399002075195, -6.727499961853027, 0.1], "max": [5.7458600997924805, 4.920539855957031, 1.0]}