{"scale": 0.05, "center": [1.6605994859710256, 2.6752767533149244, 0.0], "upper": [10.211603659142348, 9.705330532626048, 1.0], "lower": [-6.890404687200296, -4.550456053001499, 0.1], "min": [-6.890404687200297, -4.550456053001499, 0.1], "max": [10.211603659142348, 9.705330532626048, 1.0]}