{"scale": 0.05, "center": [0.012152915733846914, -0.3315598964691162, 0.0], "upper": [4.980749586121897, 4.210046106566239, 1.0], "lower": [-4.956443754654204, -4.87306399876168, 0.1], "min": [-4.956443754654204, -4.873063998761681, 0.1], "max": [4.980749586121898, 4.210046106566239, 1.0]}