{"scale": 0.05, "center": [0.5548024175365542, 0.14792756235252758, 0.0], "upper": [6.450899088572653, 3.6744094462403387, 1.0], "lower": [-6.3412942534995445, -3.378554321535284, 0.1], "min": [-6.3412942534995445, -3.378554321535284, 0.1], "max": [6.450899088572653, 3.674409446240339, 1.0]}