{"scale": 0.05, "center": [0.5471501350402832, -0.09540987014770508, 0.0], "upper": [5.320650100708008, 5.572090148925781, 1.0], "lower": [-5.226349830627441, -5.762909889221191, 0.1], "min": [-5.226349830627441, -5.762909889221191, 0.1], "max": [5.320650100708008, 5.572090148925781, 1.0]}