{"scale": 0.05, "center": [3.634724974632263, -1.9510801435005685, 0.0], "upper": [10.232810020446777, 3.93917989730835, 1.0], "lower": [-3.963360071182251, -7.841340184309487, 0.1], "min": [-3.963360071182251, -7.8413401843094865, 0.1], "max": [10.232810020446777, 3.9391798973083496, 1.0]}