{"scale": 0.05, "center": [0.5, -0.6423745124550444, 0.0], "upper": [4.835000038146973, 4.888250833946113, 1.0], "lower": [-4.835000038146973, -6.172999858856201, 0.1], "min": [-4.835000038146973, -6.172999858856201, 0.1], "max": [4.835000038146973, 4.888250833946112, 1.0]}