{"scale": 0.05, "center": [-2.179524524786801, 8.724044872068283, 0.0], "upper": [4.239081176561651, 16.579980373924975, 1.0], "lower": [-9.598130226135254, 0.8681093702115925, 0.1], "min": [-9.598130226135254, 0.8681093702115927, 0.1], "max": [4.239081176561652, 16.579980373924975, 1.0]}