{"scale": 0.05, "center": [-0.21219279287782644, 0.17309019765180733, 0.0], "upper": [1.279409952801912, 3.727746809697212, 1.0], "lower": [-4.4913153853484085, -3.179639915586449, 0.1], "min": [-4.4913153853484085, -3.179639915586449, 0.1], "max": [1.2794099528019118, 3.7277468096972117, 1.0]}