{"scale": 0.05, "center": [0.40555593710271864, 1.877774696189621, 0.0], "upper": [4.568451828581658, 7.234524780708078, 1.0], "lower": [-4.757339954376221, -3.478975388328836, 0.1], "min": [-4.757339954376221, -3.4789753883288363, 0.1], "max": [4.568451828581658, 7.234524780708078, 1.0]}