{"scale": 0.05, "center": [7.692530155181885, -11.251349687576294, 0.0], "upper": [26.701539993286133, 4.904550075531006, 1.0], "lower": [-12.316479682922363, -27.407249450683594, 0.1], "min": [-12.316479682922363, -27.407249450683594, 0.1], "max": [26.701539993286133, 4.904550075531006, 1.0]}