{"scale": 0.05, "center": [1.095590022681289, -0.934960126876831, 0.0], "upper": [5.57829003578853, 2.305039882659912, 1.0], "lower": [-4.387109990425952, -4.174960136413574, 0.1], "min": [-4.387109990425952, -4.174960136413574, 0.1], "max": [5.578290035788529, 2.305039882659912, 1.0]}