{"scale": 0.05, "center": [0.4585660919194767, 3.8322701454162598, 0.0], "upper": [7.020634918709028, 9.357270240783691, 1.0], "lower": [-7.103502734870075, -1.6927299499511719, 0.1], "min": [-7.103502734870075, -1.6927299499511719, 0.1], "max": [7.020634918709028, 9.357270240783691, 1.0]}