{"scale": 0.05, "center": [0.8445000648498535, 0.4449949264526367, 0.0], "upper": [10.31521987915039, 5.997950077056885, 1.0], "lower": [-9.626219749450684, -5.107960224151611, 0.1], "min": [-9.626219749450684, -5.107960224151611, 0.1], "max": [10.31521987915039, 5.997950077056885, 1.0]}