{"scale": 0.05, "center": [0.7510484238461723, -0.18889999389648438, 0.0], "upper": [6.6072200780617205, 5.1983729924753925, 1.0], "lower": [-5.1063230474797745, -5.773349306999136, 0.1], "min": [-5.1063230474797745, -5.773349306999136, 0.1], "max": [6.6072200780617205, 5.1983729924753925, 1.0]}