{"scale": 0.05, "center": [0.5027601718902588, -0.0011799335479736328, 0.0], "upper": [6.930260181427002, 5.118840217590332, 1.0], "lower": [-6.924739837646484, -5.121200084686279, 0.1], "min": [-6.924739837646484, -5.121200084686279, 0.1], "max": [6.930260181427002, 5.118840217590332, 1.0]}