{"scale": 0.05, "center": [2.6397065430276108, -10.276000865937437, 0.0], "upper": [7.376559851926443, -0.5533436923377799, 1.0], "lower": [-4.60658693358465, -17.16766590074951, 0.1], "min": [-4.606586933584649, -17.16766590074951, 0.1], "max": [7.376559851926443, -0.5533436923377817, 1.0]}