{"scale": 0.05, "center": [3.4189401865005493, -1.2033199071884155, 0.0], "upper": [10.169579702206448, 1.8616802813824336, 1.0], "lower": [-3.463900086697798, -4.09465956134995, 0.1], "min": [-3.463900086697798, -4.09465956134995, 0.1], "max": [10.169579702206448, 1.8616802813824336, 1.0]}