{"scale": 0.05, "center": [0.026349957455068296, -0.3589350570283587, 0.0], "upper": [4.517690053917704, 3.060809972079147, 1.0], "lower": [-5.464990139007568, -3.7786800861358643, 0.1], "min": [-5.464990139007568, -3.7786800861358643, 0.1], "max": [4.517690053917705, 3.060809972079147, 1.0]}