{"scale": 0.05, "center": [0.5, 0.05434644967825575, 0.0], "upper": [5.175000190734863, 5.708692803989081, 1.0], "lower": [-5.175000190734863, -5.599999904632568, 0.1], "min": [-5.175000190734863, -5.599999904632568, 0.1], "max": [5.175000190734863, 5.70869280398908, 1.0]}