{"scale": 0.05, "center": [0.8891449575312436, -1.239569902420044, 0.0], "upper": [10.170169950462878, 4.30689001083374, 1.0], "lower": [-9.39188003540039, -6.786029815673828, 0.1], "min": [-9.39188003540039, -6.786029815673828, 0.1], "max": [10.170169950462878, 4.30689001083374, 1.0]}