{"scale": 0.05, "center": [0.5, -0.03548763803267008, 0.0], "upper": [6.099999904632568, 5.579999923706055, 1.0], "lower": [-6.099999904632568, -5.650975199771395, 0.1], "min": [-6.099999904632568, -5.650975199771395, 0.1], "max": [6.099999904632568, 5.579999923706055, 1.0]}