{"scale": 0.05, "center": [0.6854016379359074, 0.4798750877380371, 0.0], "upper": [6.750403323937, 6.162970066070557, 1.0], "lower": [-6.3796000480651855, -5.203219890594482, 0.1], "min": [-6.3796000480651855, -5.203219890594482, 0.1], "max": [6.750403323937, 6.162970066070557, 1.0]}